ma_hoc_sinh,diem_trung_binh_chung,so_sanh_voi_lop,so_sanh_voi_toan_khoi,xep_hang_tung_mon_so_voi_lop,xep_hang_tung_mon_so_voi_khoi
HS1001,6.98,Thấp hơn 0.38 điểm so với trung bình lớp,Thấp hơn trung bình khối 0.31 điểm,Toán: thứ 12/18; Văn: thứ 14/18; Anh: thứ 8/18; Vật lí: thứ 8/18; Hóa học: thứ 8/18; Sinh học: thứ 16/18; Lịch sử: thứ 16/18; Địa lí: thứ 7/18; GDCD: thứ 17/18; Tin học: thứ 11/18,Toán: thứ 66/90; Văn: thứ 51/90; Anh: thứ 39/90; Vật lí: thứ 32/90; Hóa học: thứ 39/90; Sinh học: thứ 78/90; Lịch sử: thứ 64/90; Địa lí: thứ 25/90; GDCD: thứ 75/90; Tin học: thứ 44/90
HS1002,7.14,Thấp hơn 0.18 điểm so với trung bình lớp,Thấp hơn trung bình khối 0.15 điểm,Toán: thứ 15/29; Văn: thứ 7/29; Anh: thứ 23/29; Vật lí: thứ 13/29; Hóa học: thứ 9/29; Sinh học: thứ 20/29; Lịch sử: thứ 24/29; Địa lí: thứ 14/29; GDCD: thứ 18/29; Tin học: thứ 25/29,Toán: thứ 43/90; Văn: thứ 11/90; Anh: thứ 65/90; Vật lí: thứ 49/90; Hóa học: thứ 24/90; Sinh học: thứ 49/90; Lịch sử: thứ 76/90; Địa lí: thứ 49/90; GDCD: thứ 50/90; Tin học: thứ 81/90
HS1003,5.22,Thấp hơn 1.84 điểm so với trung bình lớp,Thấp hơn trung bình khối 2.07 điểm,Toán: thứ 16/21; Văn: thứ 21/21; Anh: thứ 20/21; Vật lí: thứ 20/21; Hóa học: thứ 20/21; Sinh học: thứ 21/21; Lịch sử: thứ 21/21; Địa lí: thứ 21/21; GDCD: thứ 5/21; Tin học: thứ 21/21,Toán: thứ 82/90; Văn: thứ 90/90; Anh: thứ 85/90; Vật lí: thứ 88/90; Hóa học: thứ 87/90; Sinh học: thứ 89/90; Lịch sử: thứ 87/90; Địa lí: thứ 90/90; GDCD: thứ 27/90; Tin học: thứ 88/90
HS1004,7.66,Cao hơn 0.60 điểm so với trung bình lớp,Cao hơn trung bình khối 0.37 điểm,Toán: thứ 9/21; Văn: thứ 7/21; Anh: thứ 9/21; Vật lí: thứ 6/21; Hóa học: thứ 3/21; Sinh học: thứ 14/21; Lịch sử: thứ 7/21; Địa lí: thứ 2/21; GDCD: thứ 3/21; Tin học: thứ 14/21,Toán: thứ 38/90; Văn: thứ 37/90; Anh: thứ 48/90; Vật lí: thứ 27/90; Hóa học: thứ 5/90; Sinh học: thứ 73/90; Lịch sử: thứ 28/90; Địa lí: thứ 17/90; GDCD: thứ 19/90; Tin học: thứ 68/90
HS1005,7.44,Cao hơn 0.12 điểm so với trung bình lớp,Cao hơn trung bình khối 0.15 điểm,Toán: thứ 4/29; Văn: thứ 22/29; Anh: thứ 10/29; Vật lí: thứ 21/29; Hóa học: thứ 15/29; Sinh học: thứ 3/29; Lịch sử: thứ 11/29; Địa lí: thứ 20/29; GDCD: thứ 13/29; Tin học: thứ 11/29,Toán: thứ 8/90; Văn: thứ 64/90; Anh: thứ 32/90; Vật lí: thứ 74/90; Hóa học: thứ 39/90; Sinh học: thứ 9/90; Lịch sử: thứ 31/90; Địa lí: thứ 63/90; GDCD: thứ 42/90; Tin học: thứ 39/90
HS1006,7.87,Cao hơn 0.55 điểm so với trung bình lớp,Cao hơn trung bình khối 0.58 điểm,Toán: thứ 5/29; Văn: thứ 3/29; Anh: thứ 20/29; Vật lí: thứ 11/29; Hóa học: thứ 17/29; Sinh học: thứ 12/29; Lịch sử: thứ 5/29; Địa lí: thứ 6/29; GDCD: thứ 13/29; Tin học: thứ 10/29,Toán: thứ 13/90; Văn: thứ 4/90; Anh: thứ 59/90; Vật lí: thứ 35/90; Hóa học: thứ 43/90; Sinh học: thứ 29/90; Lịch sử: thứ 8/90; Địa lí: thứ 17/90; GDCD: thứ 42/90; Tin học: thứ 34/90
HS1007,7.39,Cao hơn 0.07 điểm so với trung bình lớp,Cao hơn trung bình khối 0.10 điểm,Toán: thứ 14/29; Văn: thứ 23/29; Anh: thứ 10/29; Vật lí: thứ 3/29; Hóa học: thứ 13/29; Sinh học: thứ 16/29; Lịch sử: thứ 14/29; Địa lí: thứ 14/29; GDCD: thứ 12/29; Tin học: thứ 19/29,Toán: thứ 41/90; Văn: thứ 69/90; Anh: thứ 32/90; Vật lí: thứ 7/90; Hóa học: thứ 36/90; Sinh học: thứ 38/90; Lịch sử: thứ 49/90; Địa lí: thứ 49/90; GDCD: thứ 39/90; Tin học: thứ 63/90
HS1008,8.2,Cao hơn 1.14 điểm so với trung bình lớp,Thuộc Top 25% khối 10,Toán: thứ 10/21; Văn: thứ 2/21; Anh: thứ 2/21; Vật lí: thứ 5/21; Hóa học: thứ 7/21; Sinh học: thứ 1/21; Lịch sử: thứ 5/21; Địa lí: thứ 8/21; GDCD: thứ 1/21; Tin học: thứ 16/21,Toán: thứ 43/90; Văn: thứ 14/90; Anh: thứ 6/90; Vật lí: thứ 21/90; Hóa học: thứ 28/90; Sinh học: thứ 2/90; Lịch sử: thứ 20/90; Địa lí: thứ 37/90; GDCD: thứ 2/90; Tin học: thứ 78/90
HS1009,6.87,Thấp hơn 0.19 điểm so với trung bình lớp,Thấp hơn trung bình khối 0.42 điểm,Toán: thứ 12/21; Văn: thứ 14/21; Anh: thứ 17/21; Vật lí: thứ 8/21; Hóa học: thứ 12/21; Sinh học: thứ 19/21; Lịch sử: thứ 12/21; Địa lí: thứ 12/21; GDCD: thứ 3/21; Tin học: thứ 10/21,Toán: thứ 52/90; Văn: thứ 64/90; Anh: thứ 78/90; Vật lí: thứ 35/90; Hóa học: thứ 54/90; Sinh học: thứ 83/90; Lịch sử: thứ 60/90; Địa lí: thứ 52/90; GDCD: thứ 19/90; Tin học: thứ 48/90
HS1010,6.98,Thấp hơn 0.38 điểm so với trung bình lớp,Thấp hơn trung bình khối 0.31 điểm,Toán: thứ 2/18; Văn: thứ 15/18; Anh: thứ 5/18; Vật lí: thứ 14/18; Hóa học: thứ 17/18; Sinh học: thứ 8/18; Lịch sử: thứ 14/18; Địa lí: thứ 13/18; GDCD: thứ 13/18; Tin học: thứ 15/18,Toán: thứ 11/90; Văn: thứ 82/90; Anh: thứ 14/90; Vật lí: thứ 66/90; Hóa học: thứ 76/90; Sinh học: thứ 49/90; Lịch sử: thứ 60/90; Địa lí: thứ 57/90; GDCD: thứ 66/90; Tin học: thứ 60/90
HS1011,7.67,Cao hơn 0.27 điểm so với trung bình lớp,Cao hơn trung bình khối 0.38 điểm,Toán: thứ 13/22; Văn: thứ 1/22; Anh: thứ 6/22; Vật lí: thứ 7/22; Hóa học: thứ 7/22; Sinh học: thứ 13/22; Lịch sử: thứ 6/22; Địa lí: thứ 11/22; GDCD: thứ 15/22; Tin học: thứ 19/22,Toán: thứ 57/90; Văn: thứ 2/90; Anh: thứ 19/90; Vật lí: thứ 26/90; Hóa học: thứ 32/90; Sinh học: thứ 49/90; Lịch sử: thứ 20/90; Địa lí: thứ 32/90; GDCD: thứ 60/90; Tin học: thứ 68/90
HS1012,8.21,Cao hơn 0.89 điểm so với trung bình lớp,Thuộc Top 25% khối 10,Toán: thứ 15/29; Văn: thứ 4/29; Anh: thứ 2/29; Vật lí: thứ 17/29; Hóa học: thứ 9/29; Sinh học: thứ 8/29; Lịch sử: thứ 8/29; Địa lí: thứ 2/29; GDCD: thứ 9/29; Tin học: thứ 4/29,Toán: thứ 43/90; Văn: thứ 5/90; Anh: thứ 9/90; Vật lí: thứ 61/90; Hóa học: thứ 24/90; Sinh học: thứ 24/90; Lịch sử: thứ 16/90; Địa lí: thứ 8/90; GDCD: thứ 27/90; Tin học: thứ 8/90
HS1013,8.31,Cao hơn 1.25 điểm so với trung bình lớp,Thuộc Top 25% khối 10,Toán: thứ 1/21; Văn: thứ 10/21; Anh: thứ 4/21; Vật lí: thứ 1/21; Hóa học: thứ 4/21; Sinh học: thứ 2/21; Lịch sử: thứ 12/21; Địa lí: thứ 7/21; GDCD: thứ 9/21; Tin học: thứ 2/21,Toán: thứ 4/90; Văn: thứ 51/90; Anh: thứ 25/90; Vật lí: thứ 1/90; Hóa học: thứ 7/90; Sinh học: thứ 5/90; Lịch sử: thứ 60/90; Địa lí: thứ 32/90; GDCD: thứ 39/90; Tin học: thứ 13/90
HS1014,8.26,Cao hơn 0.94 điểm so với trung bình lớp,Thuộc Top 25% khối 10,Toán: thứ 6/29; Văn: thứ 11/29; Anh: thứ 16/29; Vật lí: thứ 7/29; Hóa học: thứ 3/29; Sinh học: thứ 8/29; Lịch sử: thứ 1/29; Địa lí: thứ 4/29; GDCD: thứ 3/29; Tin học: thứ 15/29,Toán: thứ 18/90; Văn: thứ 21/90; Anh: thứ 48/90; Vật lí: thứ 25/90; Hóa học: thứ 7/90; Sinh học: thứ 24/90; Lịch sử: thứ 1/90; Địa lí: thứ 13/90; GDCD: thứ 11/90; Tin học: thứ 53/90
HS1015,8.27,Cao hơn 1.21 điểm so với trung bình lớp,Thuộc Top 25% khối 10,Toán: thứ 3/21; Văn: thứ 4/21; Anh: thứ 4/21; Vật lí: thứ 3/21; Hóa học: thứ 1/21; Sinh học: thứ 3/21; Lịch sử: thứ 3/21; Địa lí: thứ 8/21; GDCD: thứ 2/21; Tin học: thứ 8/21,Toán: thứ 18/90; Văn: thứ 29/90; Anh: thứ 25/90; Vật lí: thứ 10/90; Hóa học: thứ 3/90; Sinh học: thứ 11/90; Lịch sử: thứ 16/90; Địa lí: thứ 37/90; GDCD: thứ 18/90; Tin học: thứ 44/90
HS1016,7.45,Cao hơn 0.39 điểm so với trung bình lớp,Cao hơn trung bình khối 0.16 điểm,Toán: thứ 5/21; Văn: thứ 4/21; Anh: thứ 10/21; Vật lí: thứ 11/21; Hóa học: thứ 11/21; Sinh học: thứ 17/21; Lịch sử: thứ 1/21; Địa lí: thứ 1/21; GDCD: thứ 12/21; Tin học: thứ 12/21,Toán: thứ 28/90; Văn: thứ 29/90; Anh: thứ 51/90; Vật lí: thứ 45/90; Hóa học: thứ 48/90; Sinh học: thứ 80/90; Lịch sử: thứ 5/90; Địa lí: thứ 15/90; GDCD: thứ 60/90; Tin học: thứ 63/90
HS1017,7.77,Cao hơn 0.71 điểm so với trung bình lớp,Cao hơn trung bình khối 0.48 điểm,Toán: thứ 2/21; Văn: thứ 4/21; Anh: thứ 7/21; Vật lí: thứ 14/21; Hóa học: thứ 6/21; Sinh học: thứ 8/21; Lịch sử: thứ 8/21; Địa lí: thứ 3/21; GDCD: thứ 15/21; Tin học: thứ 1/21,Toán: thứ 11/90; Văn: thứ 29/90; Anh: thứ 39/90; Vật lí: thứ 57/90; Hóa học: thứ 15/90; Sinh học: thứ 29/90; Lịch sử: thứ 42/90; Địa lí: thứ 20/90; GDCD: thứ 66/90; Tin học: thứ 9/90
HS1018,8.12,Cao hơn 0.76 điểm so với trung bình lớp,Thuộc Top 25% khối 10,Toán: thứ 3/18; Văn: thứ 5/18; Anh: thứ 4/18; Vật lí: thứ 2/18; Hóa học: thứ 4/18; Sinh học: thứ 9/18; Lịch sử: thứ 8/18; Địa lí: thứ 6/18; GDCD: thứ 6/18; Tin học: thứ 8/18,Toán: thứ 13/90; Văn: thứ 21/90; Anh: thứ 12/90; Vật lí: thứ 4/90; Hóa học: thứ 21/90; Sinh học: thứ 52/90; Lịch sử: thứ 39/90; Địa lí: thứ 20/90; GDCD: thứ 30/90; Tin học: thứ 34/90
HS1019,6.65,Thấp hơn 0.67 điểm so với trung bình lớp,Thấp hơn trung bình khối 0.64 điểm,Toán: thứ 10/29; Văn: thứ 25/29; Anh: thứ 29/29; Vật lí: thứ 29/29; Hóa học: thứ 20/29; Sinh học: thứ 22/29; Lịch sử: thứ 24/29; Địa lí: thứ 9/29; GDCD: thứ 7/29; Tin học: thứ 11/29,Toán: thứ 28/90; Văn: thứ 72/90; Anh: thứ 89/90; Vật lí: thứ 89/90; Hóa học: thứ 59/90; Sinh học: thứ 57/90; Lịch sử: thứ 76/90; Địa lí: thứ 32/90; GDCD: thứ 21/90; Tin học: thứ 39/90
HS1020,6.71,Thấp hơn 0.61 điểm so với trung bình lớp,Thấp hơn trung bình khối 0.58 điểm,Toán: thứ 25/29; Văn: thứ 16/29; Anh: thứ 27/29; Vật lí: thứ 25/29; Hóa học: thứ 22/29; Sinh học: thứ 21/29; Lịch sử: thứ 11/29; Địa lí: thứ 23/29; GDCD: thứ 18/29; Tin học: thứ 7/29,Toán: thứ 72/90; Văn: thứ 48/90; Anh: thứ 84/90; Vật lí: thứ 82/90; Hóa học: thứ 63/90; Sinh học: thứ 52/90; Lịch sử: thứ 31/90; Địa lí: thứ 76/90; GDCD: thứ 50/90; Tin học: thứ 22/90
HS1021,6.83,Thấp hơn 0.49 điểm so với trung bình lớp,Thấp hơn trung bình khối 0.46 điểm,Toán: thứ 24/29; Văn: thứ 27/29; Anh: thứ 20/29; Vật lí: thứ 17/29; Hóa học: thứ 13/29; Sinh học: thứ 12/29; Lịch sử: thứ 9/29; Địa lí: thứ 22/29; GDCD: thứ 13/29; Tin học: thứ 27/29,Toán: thứ 66/90; Văn: thứ 77/90; Anh: thứ 59/90; Vật lí: thứ 61/90; Hóa học: thứ 36/90; Sinh học: thứ 29/90; Lịch sử: thứ 25/90; Địa lí: thứ 73/90; GDCD: thứ 42/90; Tin học: thứ 84/90
HS1022,6.88,Thấp hơn 0.52 điểm so với trung bình lớp,Thấp hơn trung bình khối 0.41 điểm,Toán: thứ 19/22; Văn: thứ 11/22; Anh: thứ 13/22; Vật lí: thứ 18/22; Hóa học: thứ 11/22; Sinh học: thứ 20/22; Lịch sử: thứ 9/22; Địa lí: thứ 9/22; GDCD: thứ 16/22; Tin học: thứ 17/22,Toán: thứ 74/90; Văn: thứ 51/90; Anh: thứ 44/90; Vật lí: thứ 57/90; Hóa học: thứ 52/90; Sinh học: thứ 80/90; Lịch sử: thứ 33/90; Địa lí: thứ 28/90; GDCD: thứ 72/90; Tin học: thứ 57/90
HS1023,6.48,Thấp hơn 0.84 điểm so với trung bình lớp,Thấp hơn trung bình khối 0.81 điểm,Toán: thứ 27/29; Văn: thứ 26/29; Anh: thứ 3/29; Vật lí: thứ 9/29; Hóa học: thứ 27/29; Sinh học: thứ 18/29; Lịch sử: thứ 27/29; Địa lí: thứ 26/29; GDCD: thứ 22/29; Tin học: thứ 27/29,Toán: thứ 76/90; Văn: thứ 76/90; Anh: thứ 14/90; Vật lí: thứ 32/90; Hóa học: thứ 81/90; Sinh học: thứ 46/90; Lịch sử: thứ 85/90; Địa lí: thứ 85/90; GDCD: thứ 56/90; Tin học: thứ 84/90
HS1024,6.06,Thấp hơn 1.00 điểm so với trung bình lớp,Thấp hơn trung bình khối 1.23 điểm,Toán: thứ 13/21; Văn: thứ 16/21; Anh: thứ 18/21; Vật lí: thứ 12/21; Hóa học: thứ 15/21; Sinh học: thứ 16/21; Lịch sử: thứ 18/21; Địa lí: thứ 15/21; GDCD: thứ 20/21; Tin học: thứ 19/21,Toán: thứ 57/90; Văn: thứ 69/90; Anh: thứ 82/90; Vật lí: thứ 51/90; Hóa học: thứ 66/90; Sinh học: thứ 78/90; Lịch sử: thứ 81/90; Địa lí: thứ 67/90; GDCD: thứ 89/90; Tin học: thứ 86/90
HS1025,6.13,Thấp hơn 0.93 điểm so với trung bình lớp,Thấp hơn trung bình khối 1.16 điểm,Toán: thứ 15/21; Văn: thứ 14/21; Anh: thứ 14/21; Vật lí: thứ 16/21; Hóa học: thứ 21/21; Sinh học: thứ 20/21; Lịch sử: thứ 17/21; Địa lí: thứ 20/21; GDCD: thứ 9/21; Tin học: thứ 18/21,Toán: thứ 79/90; Văn: thứ 64/90; Anh: thứ 72/90; Vật lí: thứ 69/90; Hóa học: thứ 89/90; Sinh học: thứ 84/90; Lịch sử: thứ 79/90; Địa lí: thứ 76/90; GDCD: thứ 39/90; Tin học: thứ 81/90
HS1026,6.36,Thấp hơn 0.70 điểm so với trung bình lớp,Thấp hơn trung bình khối 0.93 điểm,Toán: thứ 16/21; Văn: thứ 10/21; Anh: thứ 3/21; Vật lí: thứ 21/21; Hóa học: thứ 18/21; Sinh học: thứ 13/21; Lịch sử: thứ 18/21; Địa lí: thứ 15/21; GDCD: thứ 16/21; Tin học: thứ 8/21,Toán: thứ 82/90; Văn: thứ 51/90; Anh: thứ 19/90; Vật lí: thứ 90/90; Hóa học: thứ 75/90; Sinh học: thứ 63/90; Lịch sử: thứ 81/90; Địa lí: thứ 67/90; GDCD: thứ 70/90; Tin học: thứ 44/90
HS1027,6.66,Thấp hơn 0.66 điểm so với trung bình lớp,Thấp hơn trung bình khối 0.63 điểm,Toán: thứ 26/29; Văn: thứ 23/29; Anh: thứ 18/29; Vật lí: thứ 21/29; Hóa học: thứ 23/29; Sinh học: thứ 16/29; Lịch sử: thứ 10/29; Địa lí: thứ 8/29; GDCD: thứ 27/29; Tin học: thứ 26/29,Toán: thứ 74/90; Văn: thứ 69/90; Anh: thứ 51/90; Vật lí: thứ 74/90; Hóa học: thứ 68/90; Sinh học: thứ 38/90; Lịch sử: thứ 28/90; Địa lí: thứ 28/90; GDCD: thứ 82/90; Tin học: thứ 83/90
HS1028,8.18,Cao hơn 0.86 điểm so với trung bình lớp,Thuộc Top 25% khối 10,Toán: thứ 12/29; Văn: thứ 2/29; Anh: thứ 3/29; Vật lí: thứ 21/29; Hóa học: thứ 7/29; Sinh học: thứ 5/29; Lịch sử: thứ 13/29; Địa lí: thứ 6/29; GDCD: thứ 5/29; Tin học: thứ 2/29,Toán: thứ 33/90; Văn: thứ 2/90; Anh: thứ 14/90; Vật lí: thứ 74/90; Hóa học: thứ 18/90; Sinh học: thứ 15/90; Lịch sử: thứ 33/90; Địa lí: thứ 17/90; GDCD: thứ 16/90; Tin học: thứ 5/90
HS1029,6.23,Thấp hơn 1.13 điểm so với trung bình lớp,Thấp hơn trung bình khối 1.06 điểm,Toán: thứ 7/18; Văn: thứ 17/18; Anh: thứ 16/18; Vật lí: thứ 12/18; Hóa học: thứ 13/18; Sinh học: thứ 17/18; Lịch sử: thứ 18/18; Địa lí: thứ 15/18; GDCD: thứ 18/18; Tin học: thứ 12/18,Toán: thứ 39/90; Văn: thứ 88/90; Anh: thứ 72/90; Vật lí: thứ 61/90; Hóa học: thứ 54/90; Sinh học: thứ 86/90; Lịch sử: thứ 88/90; Địa lí: thứ 70/90; GDCD: thứ 79/90; Tin học: thứ 48/90
HS1030,6.6,Thấp hơn 0.46 điểm so với trung bình lớp,Thấp hơn trung bình khối 0.69 điểm,Toán: thứ 19/21; Văn: thứ 13/21; Anh: thứ 10/21; Vật lí: thứ 8/21; Hóa học: thứ 16/21; Sinh học: thứ 15/21; Lịch sử: thứ 15/21; Địa lí: thứ 18/21; GDCD: thứ 12/21; Tin học: thứ 4/21,Toán: thứ 86/90; Văn: thứ 61/90; Anh: thứ 51/90; Vật lí: thứ 35/90; Hóa học: thứ 70/90; Sinh học: thứ 75/90; Lịch sử: thứ 74/90; Địa lí: thứ 73/90; GDCD: thứ 60/90; Tin học: thứ 19/90
HS1031,6.89,Thấp hơn 0.51 điểm so với trung bình lớp,Thấp hơn trung bình khối 0.40 điểm,Toán: thứ 20/22; Văn: thứ 10/22; Anh: thứ 19/22; Vật lí: thứ 12/22; Hóa học: thứ 12/22; Sinh học: thứ 17/22; Lịch sử: thứ 1/22; Địa lí: thứ 19/22; GDCD: thứ 16/22; Tin học: thứ 17/22,Toán: thứ 78/90; Văn: thứ 37/90; Anh: thứ 74/90; Vật lí: thứ 42/90; Hóa học: thứ 57/90; Sinh học: thứ 67/90; Lịch sử: thứ 6/90; Địa lí: thứ 78/90; GDCD: thứ 72/90; Tin học: thứ 57/90
HS1032,8.45,Cao hơn 1.13 điểm so với trung bình lớp,Thuộc Top 25% khối 10,Toán: thứ 2/29; Văn: thứ 5/29; Anh: thứ 1/29; Vật lí: thứ 4/29; Hóa học: thứ 2/29; Sinh học: thứ 18/29; Lịch sử: thứ 18/29; Địa lí: thứ 17/29; GDCD: thứ 2/29; Tin học: thứ 3/29,Toán: thứ 5/90; Văn: thứ 7/90; Anh: thứ 4/90; Vật lí: thứ 9/90; Hóa học: thứ 6/90; Sinh học: thứ 46/90; Lịch sử: thứ 64/90; Địa lí: thứ 52/90; GDCD: thứ 8/90; Tin học: thứ 6/90
HS1033,8.85,Cao hơn 1.53 điểm so với trung bình lớp,Thuộc Top 10% khối 10,Toán: thứ 1/29; Văn: thứ 6/29; Anh: thứ 9/29; Vật lí: thứ 2/29; Hóa học: thứ 5/29; Sinh học: thứ 8/29; Lịch sử: thứ 3/29; Địa lí: thứ 1/29; GDCD: thứ 3/29; Tin học: thứ 11/29,Toán: thứ 1/90; Văn: thứ 8/90; Anh: thứ 29/90; Vật lí: thứ 5/90; Hóa học: thứ 13/90; Sinh học: thứ 24/90; Lịch sử: thứ 3/90; Địa lí: thứ 1/90; GDCD: thứ 11/90; Tin học: thứ 39/90
HS1034,6.42,Thấp hơn 0.90 điểm so với trung bình lớp,Thấp hơn trung bình khối 0.87 điểm,Toán: thứ 22/29; Văn: thứ 21/29; Anh: thứ 23/29; Vật lí: thứ 27/29; Hóa học: thứ 20/29; Sinh học: thứ 25/29; Lịch sử: thứ 18/29; Địa lí: thứ 27/29; GDCD: thứ 26/29; Tin học: thứ 5/29,Toán: thứ 57/90; Văn: thứ 59/90; Anh: thứ 65/90; Vật lí: thứ 85/90; Hóa học: thứ 59/90; Sinh học: thứ 68/90; Lịch sử: thứ 64/90; Địa lí: thứ 87/90; GDCD: thứ 79/90; Tin học: thứ 19/90
HS1035,7.88,Cao hơn 0.48 điểm so với trung bình lớp,Cao hơn trung bình khối 0.59 điểm,Toán: thứ 4/22; Văn: thứ 5/22; Anh: thứ 6/22; Vật lí: thứ 10/22; Hóa học: thứ 8/22; Sinh học: thứ 7/22; Lịch sử: thứ 13/22; Địa lí: thứ 13/22; GDCD: thứ 7/22; Tin học: thứ 12/22,Toán: thứ 10/90; Văn: thứ 21/90; Anh: thứ 19/90; Vật lí: thứ 40/90; Hóa học: thứ 34/90; Sinh học: thứ 24/90; Lịch sử: thứ 42/90; Địa lí: thứ 42/90; GDCD: thứ 15/90; Tin học: thứ 34/90
HS1036,7.72,Cao hơn 0.32 điểm so với trung bình lớp,Cao hơn trung bình khối 0.43 điểm,Toán: thứ 11/22; Văn: thứ 19/22; Anh: thứ 11/22; Vật lí: thứ 12/22; Hóa học: thứ 3/22; Sinh học: thứ 18/22; Lịch sử: thứ 5/22; Địa lí: thứ 4/22; GDCD: thứ 12/22; Tin học: thứ 3/22,Toán: thứ 39/90; Văn: thứ 77/90; Anh: thứ 36/90; Vật lí: thứ 42/90; Hóa học: thứ 18/90; Sinh học: thứ 68/90; Lịch sử: thứ 13/90; Địa lí: thứ 7/90; GDCD: thứ 37/90; Tin học: thứ 9/90
HS1037,7.7,Cao hơn 0.34 điểm so với trung bình lớp,Cao hơn trung bình khối 0.41 điểm,Toán: thứ 9/18; Văn: thứ 10/18; Anh: thứ 11/18; Vật lí: thứ 9/18; Hóa học: thứ 3/18; Sinh học: thứ 3/18; Lịch sử: thứ 10/18; Địa lí: thứ 14/18; GDCD: thứ 2/18; Tin học: thứ 3/18,Toán: thứ 43/90; Văn: thứ 41/90; Anh: thứ 56/90; Vật lí: thứ 35/90; Hóa học: thứ 15/90; Sinh học: thứ 15/90; Lịch sử: thứ 45/90; Địa lí: thứ 67/90; GDCD: thứ 8/90; Tin học: thứ 16/90
HS1038,6.82,Thấp hơn 0.58 điểm so với trung bình lớp,Thấp hơn trung bình khối 0.47 điểm,Toán: thứ 18/22; Văn: thứ 16/22; Anh: thứ 20/22; Vật lí: thứ 8/22; Hóa học: thứ 21/22; Sinh học: thứ 12/22; Lịch sử: thứ 16/22; Địa lí: thứ 6/22; GDCD: thứ 19/22; Tin học: thứ 12/22,Toán: thứ 66/90; Văn: thứ 67/90; Anh: thứ 75/90; Vật lí: thứ 27/90; Hóa học: thứ 87/90; Sinh học: thứ 46/90; Lịch sử: thứ 51/90; Địa lí: thứ 20/90; GDCD: thứ 79/90; Tin học: thứ 34/90
HS1039,7.22,Thấp hơn 0.18 điểm so với trung bình lớp,Thấp hơn trung bình khối 0.07 điểm,Toán: thứ 14/22; Văn: thứ 18/22; Anh: thứ 17/22; Vật lí: thứ 3/22; Hóa học: thứ 16/22; Sinh học: thứ 6/22; Lịch sử: thứ 8/22; Địa lí: thứ 12/22; GDCD: thứ 18/22; Tin học: thứ 6/22,Toán: thứ 61/90; Văn: thứ 74/90; Anh: thứ 58/90; Vật lí: thứ 17/90; Hóa học: thứ 78/90; Sinh học: thứ 15/90; Lịch sử: thứ 28/90; Địa lí: thứ 37/90; GDCD: thứ 75/90; Tin học: thứ 13/90
HS1040,7.6,Cao hơn 0.20 điểm so với trung bình lớp,Cao hơn trung bình khối 0.31 điểm,Toán: thứ 17/22; Văn: thứ 14/22; Anh: thứ 5/22; Vật lí: thứ 16/22; Hóa học: thứ 12/22; Sinh học: thứ 9/22; Lịch sử: thứ 9/22; Địa lí: thứ 8/22; GDCD: thứ 4/22; Tin học: thứ 7/22,Toán: thứ 65/90; Văn: thứ 61/90; Anh: thứ 12/90; Vật lí: thứ 51/90; Hóa học: thứ 57/90; Sinh học: thứ 36/90; Lịch sử: thứ 33/90; Địa lí: thứ 25/90; GDCD: thứ 6/90; Tin học: thứ 16/90
HS1041,7.51,Cao hơn 0.11 điểm so với trung bình lớp,Cao hơn trung bình khối 0.22 điểm,Toán: thứ 9/22; Văn: thứ 14/22; Anh: thứ 11/22; Vật lí: thứ 16/22; Hóa học: thứ 4/22; Sinh học: thứ 19/22; Lịch sử: thứ 9/22; Địa lí: thứ 9/22; GDCD: thứ 13/22; Tin học: thứ 2/22,Toán: thứ 33/90; Văn: thứ 61/90; Anh: thứ 36/90; Vật lí: thứ 51/90; Hóa học: thứ 24/90; Sinh học: thứ 73/90; Lịch sử: thứ 33/90; Địa lí: thứ 28/90; GDCD: thứ 42/90; Tin học: thứ 7/90
HS1042,7.7,Cao hơn 0.34 điểm so với trung bình lớp,Cao hơn trung bình khối 0.41 điểm,Toán: thứ 10/18; Văn: thứ 11/18; Anh: thứ 6/18; Vật lí: thứ 3/18; Hóa học: thứ 5/18; Sinh học: thứ 1/18; Lịch sử: thứ 13/18; Địa lí: thứ 15/18; GDCD: thứ 11/18; Tin học: thứ 9/18,Toán: thứ 49/90; Văn: thứ 44/90; Anh: thứ 18/90; Vật lí: thứ 10/90; Hóa học: thứ 22/90; Sinh học: thứ 6/90; Lịch sử: thứ 56/90; Địa lí: thứ 70/90; GDCD: thứ 58/90; Tin học: thứ 39/90
HS1043,7.05,Thấp hơn 0.27 điểm so với trung bình lớp,Thấp hơn trung bình khối 0.24 điểm,Toán: thứ 27/29; Văn: thứ 13/29; Anh: thứ 8/29; Vật lí: thứ 28/29; Hóa học: thứ 18/29; Sinh học: thứ 15/29; Lịch sử: thứ 26/29; Địa lí: thứ 14/29; GDCD: thứ 13/29; Tin học: thứ 5/29,Toán: thứ 76/90; Văn: thứ 36/90; Anh: thứ 24/90; Vật lí: thứ 86/90; Hóa học: thứ 48/90; Sinh học: thứ 36/90; Lịch sử: thứ 79/90; Địa lí: thứ 49/90; GDCD: thứ 42/90; Tin học: thứ 19/90
HS1044,7.96,Cao hơn 0.90 điểm so với trung bình lớp,Thuộc Top 25% khối 10,Toán: thứ 5/21; Văn: thứ 12/21; Anh: thứ 1/21; Vật lí: thứ 2/21; Hóa học: thứ 5/21; Sinh học: thứ 10/21; Lịch sử: thứ 14/21; Địa lí: thứ 3/21; GDCD: thứ 11/21; Tin học: thứ 6/21,Toán: thứ 28/90; Văn: thứ 59/90; Anh: thứ 3/90; Vật lí: thứ 6/90; Hóa học: thứ 12/90; Sinh học: thứ 44/90; Lịch sử: thứ 72/90; Địa lí: thứ 20/90; GDCD: thứ 42/90; Tin học: thứ 30/90
HS1045,8.82,Cao hơn 1.42 điểm so với trung bình lớp,Thuộc Top 10% khối 10,Toán: thứ 3/22; Văn: thứ 2/22; Anh: thứ 8/22; Vật lí: thứ 5/22; Hóa học: thứ 2/22; Sinh học: thứ 3/22; Lịch sử: thứ 2/22; Địa lí: thứ 1/22; GDCD: thứ 3/22; Tin học: thứ 8/22,Toán: thứ 8/90; Văn: thứ 8/90; Anh: thứ 25/90; Vật lí: thứ 21/90; Hóa học: thứ 13/90; Sinh học: thứ 4/90; Lịch sử: thứ 8/90; Địa lí: thứ 1/90; GDCD: thứ 5/90; Tin học: thứ 23/90
HS1046,6.09,Thấp hơn 0.97 điểm so với trung bình lớp,Thấp hơn trung bình khối 1.20 điểm,Toán: thứ 19/21; Văn: thứ 8/21; Anh: thứ 18/21; Vật lí: thứ 19/21; Hóa học: thứ 16/21; Sinh học: thứ 17/21; Lịch sử: thứ 9/21; Địa lí: thứ 17/21; GDCD: thứ 17/21; Tin học: thứ 20/21,Toán: thứ 86/90; Văn: thứ 41/90; Anh: thứ 82/90; Vật lí: thứ 84/90; Hóa học: thứ 70/90; Sinh học: thứ 80/90; Lịch sử: thứ 45/90; Địa lí: thứ 70/90; GDCD: thứ 75/90; Tin học: thứ 87/90
HS1047,6.87,Thấp hơn 0.53 điểm so với trung bình lớp,Thấp hơn trung bình khối 0.42 điểm,Toán: thứ 14/22; Văn: thứ 12/22; Anh: thứ 15/22; Vật lí: thứ 9/22; Hóa học: thứ 19/22; Sinh học: thứ 10/22; Lịch sử: thứ 19/22; Địa lí: thứ 15/22; GDCD: thứ 10/22; Tin học: thứ 21/22,Toán: thứ 61/90; Văn: thứ 56/90; Anh: thứ 51/90; Vật lí: thứ 29/90; Hóa học: thứ 81/90; Sinh học: thứ 38/90; Lịch sử: thứ 64/90; Địa lí: thứ 60/90; GDCD: thứ 27/90; Tin học: thứ 78/90
HS1048,5.8,Thấp hơn 1.26 điểm so với trung bình lớp,Thấp hơn trung bình khối 1.49 điểm,Toán: thứ 21/21; Văn: thứ 20/21; Anh: thứ 20/21; Vật lí: thứ 12/21; Hóa học: thứ 14/21; Sinh học: thứ 12/21; Lịch sử: thứ 20/21; Địa lí: thứ 18/21; GDCD: thứ 20/21; Tin học: thứ 15/21,Toán: thứ 88/90; Văn: thứ 85/90; Anh: thứ 85/90; Vật lí: thứ 51/90; Hóa học: thứ 63/90; Sinh học: thứ 59/90; Lịch sử: thứ 84/90; Địa lí: thứ 73/90; GDCD: thứ 89/90; Tin học: thứ 73/90
HS1049,8.49,Cao hơn 1.13 điểm so với trung bình lớp,Thuộc Top 10% khối 10,Toán: thứ 1/18; Văn: thứ 7/18; Anh: thứ 2/18; Vật lí: thứ 4/18; Hóa học: thứ 1/18; Sinh học: thứ 9/18; Lịch sử: thứ 1/18; Địa lí: thứ 1/18; GDCD: thứ 8/18; Tin học: thứ 9/18,Toán: thứ 5/90; Văn: thứ 29/90; Anh: thứ 8/90; Vật lí: thứ 14/90; Hóa học: thứ 1/90; Sinh học: thứ 52/90; Lịch sử: thứ 12/90; Địa lí: thứ 4/90; GDCD: thứ 42/90; Tin học: thứ 39/90
HS1050,5.79,Thấp hơn 1.53 điểm so với trung bình lớp,Thấp hơn trung bình khối 1.50 điểm,Toán: thứ 23/29; Văn: thứ 28/29; Anh: thứ 28/29; Vật lí: thứ 25/29; Hóa học: thứ 27/29; Sinh học: thứ 23/29; Lịch sử: thứ 16/29; Địa lí: thứ 29/29; GDCD: thứ 23/29; Tin học: thứ 29/29,Toán: thứ 61/90; Văn: thứ 85/90; Anh: thứ 87/90; Vật lí: thứ 82/90; Hóa học: thứ 81/90; Sinh học: thứ 59/90; Lịch sử: thứ 56/90; Địa lí: thứ 89/90; GDCD: thứ 58/90; Tin học: thứ 90/90
HS1051,7.05,Thấp hơn 0.35 điểm so với trung bình lớp,Thấp hơn trung bình khối 0.24 điểm,Toán: thứ 14/22; Văn: thứ 3/22; Anh: thứ 21/22; Vật lí: thứ 2/22; Hóa học: thứ 19/22; Sinh học: thứ 15/22; Lịch sử: thứ 16/22; Địa lí: thứ 22/22; GDCD: thứ 5/22; Tin học: thứ 14/22,Toán: thứ 61/90; Văn: thứ 14/90; Anh: thứ 79/90; Vật lí: thứ 13/90; Hóa học: thứ 81/90; Sinh học: thứ 59/90; Lịch sử: thứ 51/90; Địa lí: thứ 85/90; GDCD: thứ 8/90; Tin học: thứ 48/90
HS1052,7.49,Cao hơn 0.43 điểm so với trung bình lớp,Cao hơn trung bình khối 0.20 điểm,Toán: thứ 8/21; Văn: thứ 17/21; Anh: thứ 13/21; Vật lí: thứ 7/21; Hóa học: thứ 2/21; Sinh học: thứ 4/21; Lịch sử: thứ 16/21; Địa lí: thứ 10/21; GDCD: thứ 8/21; Tin học: thứ 5/21,Toán: thứ 33/90; Văn: thứ 72/90; Anh: thứ 69/90; Vật lí: thứ 31/90; Hóa học: thứ 4/90; Sinh học: thứ 15/90; Lịch sử: thứ 76/90; Địa lí: thứ 42/90; GDCD: thứ 37/90; Tin học: thứ 26/90
HS1053,8.57,Cao hơn 1.17 điểm so với trung bình lớp,Thuộc Top 10% khối 10,Toán: thứ 8/22; Văn: thứ 3/22; Anh: thứ 1/22; Vật lí: thứ 15/22; Hóa học: thứ 8/22; Sinh học: thứ 4/22; Lịch sử: thứ 2/22; Địa lí: thứ 3/22; GDCD: thứ 2/22; Tin học: thứ 3/22,Toán: thứ 25/90; Văn: thứ 14/90; Anh: thứ 1/90; Vật lí: thứ 49/90; Hóa học: thứ 34/90; Sinh học: thứ 9/90; Lịch sử: thứ 8/90; Địa lí: thứ 5/90; GDCD: thứ 2/90; Tin học: thứ 9/90
HS1054,7.04,Thấp hơn 0.36 điểm so với trung bình lớp,Thấp hơn trung bình khối 0.25 điểm,Toán: thứ 12/22; Văn: thứ 5/22; Anh: thứ 13/22; Vật lí: thứ 14/22; Hóa học: thứ 16/22; Sinh học: thứ 10/22; Lịch sử: thứ 20/22; Địa lí: thứ 18/22; GDCD: thứ 14/22; Tin học: thứ 15/22,Toán: thứ 49/90; Văn: thứ 21/90; Anh: thứ 44/90; Vật lí: thứ 47/90; Hóa học: thứ 78/90; Sinh học: thứ 38/90; Lịch sử: thứ 70/90; Địa lí: thứ 63/90; GDCD: thứ 50/90; Tin học: thứ 53/90
HS1055,6.75,Thấp hơn 0.57 điểm so với trung bình lớp,Thấp hơn trung bình khối 0.54 điểm,Toán: thứ 18/29; Văn: thứ 16/29; Anh: thứ 16/29; Vật lí: thứ 16/29; Hóa học: thứ 25/29; Sinh học: thứ 5/29; Lịch sử: thứ 23/29; Địa lí: thứ 20/29; GDCD: thứ 28/29; Tin học: thứ 19/29,Toán: thứ 49/90; Văn: thứ 48/90; Anh: thứ 48/90; Vật lí: thứ 57/90; Hóa học: thứ 70/90; Sinh học: thứ 15/90; Lịch sử: thứ 74/90; Địa lí: thứ 63/90; GDCD: thứ 86/90; Tin học: thứ 63/90
HS1056,7.71,Cao hơn 0.35 điểm so với trung bình lớp,Cao hơn trung bình khối 0.42 điểm,Toán: thứ 16/18; Văn: thứ 5/18; Anh: thứ 7/18; Vật lí: thứ 10/18; Hóa học: thứ 9/18; Sinh học: thứ 5/18; Lịch sử: thứ 2/18; Địa lí: thứ 5/18; GDCD: thứ 5/18; Tin học: thứ 3/18,Toán: thứ 72/90; Văn: thứ 21/90; Anh: thứ 25/90; Vật lí: thứ 45/90; Hóa học: thứ 43/90; Sinh học: thứ 38/90; Lịch sử: thứ 16/90; Địa lí: thứ 14/90; GDCD: thứ 25/90; Tin học: thứ 16/90
HS1057,8.77,Cao hơn 1.37 điểm so với trung bình lớp,Thuộc Top 10% khối 10,Toán: thứ 1/22; Văn: thứ 5/22; Anh: thứ 3/22; Vật lí: thứ 4/22; Hóa học: thứ 4/22; Sinh học: thứ 2/22; Lịch sử: thứ 12/22; Địa lí: thứ 2/22; GDCD: thứ 9/22; Tin học: thứ 1/22,Toán: thứ 1/90; Văn: thứ 21/90; Anh: thứ 6/90; Vật lí: thứ 19/90; Hóa học: thứ 24/90; Sinh học: thứ 3/90; Lịch sử: thứ 39/90; Địa lí: thứ 3/90; GDCD: thứ 25/90; Tin học: thứ 3/90
HS1058,7.45,Cao hơn 0.09 điểm so với trung bình lớp,Cao hơn trung bình khối 0.16 điểm,Toán: thứ 3/18; Văn: thứ 2/18; Anh: thứ 10/18; Vật lí: thứ 4/18; Hóa học: thứ 9/18; Sinh học: thứ 14/18; Lịch sử: thứ 4/18; Địa lí: thứ 17/18; GDCD: thứ 10/18; Tin học: thứ 14/18,Toán: thứ 13/90; Văn: thứ 11/90; Anh: thứ 46/90; Vật lí: thứ 14/90; Hóa học: thứ 43/90; Sinh học: thứ 68/90; Lịch sử: thứ 25/90; Địa lí: thứ 79/90; GDCD: thứ 56/90; Tin học: thứ 53/90
HS1059,7.9,Cao hơn 0.58 điểm so với trung bình lớp,Cao hơn trung bình khối 0.61 điểm,Toán: thứ 8/29; Văn: thứ 14/29; Anh: thứ 13/29; Vật lí: thứ 17/29; Hóa học: thứ 3/29; Sinh học: thứ 5/29; Lịch sử: thứ 2/29; Địa lí: thứ 19/29; GDCD: thứ 13/29; Tin học: thứ 8/29,Toán: thứ 25/90; Văn: thứ 37/90; Anh: thứ 36/90; Vật lí: thứ 61/90; Hóa học: thứ 7/90; Sinh học: thứ 15/90; Lịch sử: thứ 2/90; Địa lí: thứ 57/90; GDCD: thứ 42/90; Tin học: thứ 30/90
HS1060,7.31,Thấp hơn 0.05 điểm so với trung bình lớp,Cao hơn trung bình khối 0.02 điểm,Toán: thứ 6/18; Văn: thứ 9/18; Anh: thứ 12/18; Vật lí: thứ 14/18; Hóa học: thứ 5/18; Sinh học: thứ 9/18; Lịch sử: thứ 16/18; Địa lí: thứ 8/18; GDCD: thứ 12/18; Tin học: thứ 7/18,Toán: thứ 18/90; Văn: thứ 37/90; Anh: thứ 59/90; Vật lí: thứ 66/90; Hóa học: thứ 22/90; Sinh học: thứ 52/90; Lịch sử: thứ 64/90; Địa lí: thứ 32/90; GDCD: thứ 60/90; Tin học: thứ 30/90
HS1061,9.19,Cao hơn 1.87 điểm so với trung bình lớp,Thuộc Top 10% khối 10,Toán: thứ 2/29; Văn: thứ 1/29; Anh: thứ 3/29; Vật lí: thứ 5/29; Hóa học: thứ 1/29; Sinh học: thứ 1/29; Lịch sử: thứ 6/29; Địa lí: thứ 3/29; GDCD: thứ 1/29; Tin học: thứ 1/29,Toán: thứ 5/90; Văn: thứ 1/90; Anh: thứ 14/90; Vật lí: thứ 10/90; Hóa học: thứ 1/90; Sinh học: thứ 7/90; Lịch sử: thứ 14/90; Địa lí: thứ 10/90; GDCD: thứ 2/90; Tin học: thứ 2/90
HS1062,6.05,Thấp hơn 1.31 điểm so với trung bình lớp,Thấp hơn trung bình khối 1.24 điểm,Toán: thứ 11/18; Văn: thứ 16/18; Anh: thứ 18/18; Vật lí: thứ 18/18; Hóa học: thứ 18/18; Sinh học: thứ 18/18; Lịch sử: thứ 12/18; Địa lí: thứ 11/18; GDCD: thứ 13/18; Tin học: thứ 16/18,Toán: thứ 52/90; Văn: thứ 83/90; Anh: thứ 88/90; Vật lí: thứ 80/90; Hóa học: thứ 81/90; Sinh học: thứ 90/90; Lịch sử: thứ 51/90; Địa lí: thứ 47/90; GDCD: thứ 66/90; Tin học: thứ 68/90
HS1063,8.46,Cao hơn 1.06 điểm so với trung bình lớp,Thuộc Top 10% khối 10,Toán: thứ 6/22; Văn: thứ 5/22; Anh: thứ 2/22; Vật lí: thứ 10/22; Hóa học: thứ 6/22; Sinh học: thứ 8/22; Lịch sử: thứ 4/22; Địa lí: thứ 5/22; GDCD: thứ 1/22; Tin học: thứ 3/22,Toán: thứ 18/90; Văn: thứ 21/90; Anh: thứ 5/90; Vật lí: thứ 40/90; Hóa học: thứ 28/90; Sinh học: thứ 29/90; Lịch sử: thứ 11/90; Địa lí: thứ 8/90; GDCD: thứ 1/90; Tin học: thứ 9/90
HS1064,7.49,Cao hơn 0.43 điểm so với trung bình lớp,Cao hơn trung bình khối 0.20 điểm,Toán: thứ 3/21; Văn: thứ 9/21; Anh: thứ 6/21; Vật lí: thứ 10/21; Hóa học: thứ 9/21; Sinh học: thứ 7/21; Lịch sử: thứ 3/21; Địa lí: thứ 6/21; GDCD: thứ 19/21; Tin học: thứ 7/21,Toán: thứ 18/90; Văn: thứ 44/90; Anh: thứ 32/90; Vật lí: thứ 42/90; Hóa học: thứ 39/90; Sinh học: thứ 23/90; Lịch sử: thứ 16/90; Địa lí: thứ 28/90; GDCD: thứ 85/90; Tin học: thứ 34/90
HS1065,8.12,Cao hơn 0.76 điểm so với trung bình lớp,Thuộc Top 25% khối 10,Toán: thứ 3/18; Văn: thứ 1/18; Anh: thứ 9/18; Vật lí: thứ 6/18; Hóa học: thứ 9/18; Sinh học: thứ 2/18; Lịch sử: thứ 10/18; Địa lí: thứ 3/18; GDCD: thứ 4/18; Tin học: thứ 5/18,Toán: thứ 13/90; Văn: thứ 5/90; Anh: thứ 43/90; Vật lí: thứ 17/90; Hóa học: thứ 43/90; Sinh học: thứ 11/90; Lịch sử: thứ 45/90; Địa lí: thứ 11/90; GDCD: thứ 21/90; Tin học: thứ 26/90
HS1066,8.68,Cao hơn 1.32 điểm so với trung bình lớp,Thuộc Top 10% khối 10,Toán: thứ 8/18; Văn: thứ 4/18; Anh: thứ 3/18; Vật lí: thứ 1/18; Hóa học: thứ 2/18; Sinh học: thứ 7/18; Lịch sử: thứ 6/18; Địa lí: thứ 2/18; GDCD: thứ 1/18; Tin học: thứ 1/18,Toán: thứ 41/90; Văn: thứ 19/90; Anh: thứ 9/90; Vật lí: thứ 1/90; Hóa học: thứ 11/90; Sinh học: thứ 44/90; Lịch sử: thứ 33/90; Địa lí: thứ 5/90; GDCD: thứ 6/90; Tin học: thứ 1/90
HS1067,7.1,Thấp hơn 0.26 điểm so với trung bình lớp,Thấp hơn trung bình khối 0.19 điểm,Toán: thứ 15/18; Văn: thứ 8/18; Anh: thứ 14/18; Vật lí: thứ 11/18; Hóa học: thứ 16/18; Sinh học: thứ 12/18; Lịch sử: thứ 6/18; Địa lí: thứ 8/18; GDCD: thứ 9/18; Tin học: thứ 6/18,Toán: thứ 71/90; Văn: thứ 35/90; Anh: thứ 69/90; Vật lí: thứ 47/90; Hóa học: thứ 63/90; Sinh học: thứ 65/90; Lịch sử: thứ 33/90; Địa lí: thứ 32/90; GDCD: thứ 50/90; Tin học: thứ 29/90
HS1068,6.46,Thấp hơn 0.86 điểm so với trung bình lớp,Thấp hơn trung bình khối 0.83 điểm,Toán: thứ 29/29; Văn: thứ 20/29; Anh: thứ 23/29; Vật lí: thứ 24/29; Hóa học: thứ 25/29; Sinh học: thứ 27/29; Lịch sử: thứ 21/29; Địa lí: thứ 12/29; GDCD: thứ 24/29; Tin học: thứ 17/29,Toán: thứ 81/90; Văn: thứ 56/90; Anh: thứ 65/90; Vật lí: thứ 79/90; Hóa học: thứ 70/90; Sinh học: thứ 75/90; Lịch sử: thứ 70/90; Địa lí: thứ 46/90; GDCD: thứ 60/90; Tin học: thứ 60/90
HS1069,6.73,Thấp hơn 0.59 điểm so với trung bình lớp,Thấp hơn trung bình khối 0.56 điểm,Toán: thứ 19/29; Văn: thứ 10/29; Anh: thứ 15/29; Vật lí: thứ 20/29; Hóa học: thứ 23/29; Sinh học: thứ 24/29; Lịch sử: thứ 15/29; Địa lí: thứ 24/29; GDCD: thứ 25/29; Tin học: thứ 22/29,Toán: thứ 52/90; Văn: thứ 20/90; Anh: thứ 46/90; Vật lí: thứ 68/90; Hóa học: thứ 68/90; Sinh học: thứ 63/90; Lịch sử: thứ 51/90; Địa lí: thứ 82/90; GDCD: thứ 74/90; Tin học: thứ 68/90
HS1070,7.7,Cao hơn 0.38 điểm so với trung bình lớp,Cao hơn trung bình khối 0.41 điểm,Toán: thứ 17/29; Văn: thứ 16/29; Anh: thứ 14/29; Vật lí: thứ 9/29; Hóa học: thứ 6/29; Sinh học: thứ 8/29; Lịch sử: thứ 6/29; Địa lí: thứ 13/29; GDCD: thứ 10/29; Tin học: thứ 8/29,Toán: thứ 47/90; Văn: thứ 48/90; Anh: thứ 39/90; Vật lí: thứ 32/90; Hóa học: thứ 15/90; Sinh học: thứ 24/90; Lịch sử: thứ 14/90; Địa lí: thứ 47/90; GDCD: thứ 30/90; Tin học: thứ 30/90
HS1071,5.33,Thấp hơn 2.07 điểm so với trung bình lớp,Thấp hơn trung bình khối 1.96 điểm,Toán: thứ 22/22; Văn: thứ 22/22; Anh: thứ 15/22; Vật lí: thứ 22/22; Hóa học: thứ 16/22; Sinh học: thứ 22/22; Lịch sử: thứ 22/22; Địa lí: thứ 20/22; GDCD: thứ 20/22; Tin học: thứ 22/22,Toán: thứ 89/90; Văn: thứ 84/90; Anh: thứ 51/90; Vật lí: thứ 87/90; Hóa học: thứ 78/90; Sinh học: thứ 88/90; Lịch sử: thứ 90/90; Địa lí: thứ 80/90; GDCD: thứ 83/90; Tin học: thứ 89/90
HS1072,7.16,Thấp hơn 0.16 điểm so với trung bình lớp,Thấp hơn trung bình khối 0.13 điểm,Toán: thứ 19/29; Văn: thứ 15/29; Anh: thứ 10/29; Vật lí: thứ 6/29; Hóa học: thứ 15/29; Sinh học: thứ 12/29; Lịch sử: thứ 22/29; Địa lí: thứ 25/29; GDCD: thứ 18/29; Tin học: thứ 16/29,Toán: thứ 52/90; Văn: thứ 43/90; Anh: thứ 32/90; Vật lí: thứ 21/90; Hóa học: thứ 39/90; Sinh học: thứ 29/90; Lịch sử: thứ 72/90; Địa lí: thứ 84/90; GDCD: thứ 50/90; Tin học: thứ 57/90
HS1073,7.35,Thấp hơn 0.05 điểm so với trung bình lớp,Cao hơn trung bình khối 0.06 điểm,Toán: thứ 7/22; Văn: thứ 12/22; Anh: thứ 9/22; Vật lí: thứ 6/22; Hóa học: thứ 14/22; Sinh học: thứ 14/22; Lịch sử: thứ 13/22; Địa lí: thứ 15/22; GDCD: thứ 11/22; Tin học: thứ 15/22,Toán: thứ 24/90; Văn: thứ 56/90; Anh: thứ 29/90; Vật lí: thứ 24/90; Hóa học: thứ 66/90; Sinh học: thứ 52/90; Lịch sử: thứ 42/90; Địa lí: thứ 60/90; GDCD: thứ 30/90; Tin học: thứ 53/90
HS1074,6.66,Thấp hơn 0.40 điểm so với trung bình lớp,Thấp hơn trung bình khối 0.63 điểm,Toán: thứ 16/21; Văn: thứ 18/21; Anh: thứ 7/21; Vật lí: thứ 17/21; Hóa học: thứ 10/21; Sinh học: thứ 5/21; Lịch sử: thứ 9/21; Địa lí: thứ 14/21; GDCD: thứ 17/21; Tin học: thứ 16/21,Toán: thứ 82/90; Văn: thứ 74/90; Anh: thứ 39/90; Vật lí: thứ 72/90; Hóa học: thứ 43/90; Sinh học: thứ 21/90; Lịch sử: thứ 45/90; Địa lí: thứ 63/90; GDCD: thứ 75/90; Tin học: thứ 78/90
HS1075,6.89,Thấp hơn 0.47 điểm so với trung bình lớp,Thấp hơn trung bình khối 0.40 điểm,Toán: thứ 12/18; Văn: thứ 11/18; Anh: thứ 17/18; Vật lí: thứ 12/18; Hóa học: thứ 14/18; Sinh học: thứ 12/18; Lịch sử: thứ 8/18; Địa lí: thứ 10/18; GDCD: thứ 3/18; Tin học: thứ 17/18,Toán: thứ 66/90; Văn: thứ 44/90; Anh: thứ 80/90; Vật lí: thứ 61/90; Hóa học: thứ 59/90; Sinh học: thứ 65/90; Lịch sử: thứ 39/90; Địa lí: thứ 42/90; GDCD: thứ 11/90; Tin học: thứ 76/90
HS1076,7.37,Cao hơn 0.05 điểm so với trung bình lớp,Cao hơn trung bình khối 0.08 điểm,Toán: thứ 6/29; Văn: thứ 12/29; Anh: thứ 19/29; Vật lí: thứ 14/29; Hóa học: thứ 18/29; Sinh học: thứ 27/29; Lịch sử: thứ 16/29; Địa lí: thứ 5/29; GDCD: thứ 7/29; Tin học: thứ 14/29,Toán: thứ 18/90; Văn: thứ 29/90; Anh: thứ 56/90; Vật lí: thứ 51/90; Hóa học: thứ 48/90; Sinh học: thứ 75/90; Lịch sử: thứ 56/90; Địa lí: thứ 16/90; GDCD: thứ 21/90; Tin học: thứ 44/90
HS1077,7.58,Cao hơn 0.18 điểm so với trung bình lớp,Cao hơn trung bình khối 0.29 điểm,Toán: thứ 5/22; Văn: thứ 16/22; Anh: thứ 9/22; Vật lí: thứ 20/22; Hóa học: thứ 10/22; Sinh học: thứ 5/22; Lịch sử: thứ 15/22; Địa lí: thứ 6/22; GDCD: thứ 6/22; Tin học: thứ 11/22,Toán: thứ 17/90; Văn: thứ 67/90; Anh: thứ 29/90; Vật lí: thứ 77/90; Hóa học: thứ 48/90; Sinh học: thứ 11/90; Lịch sử: thứ 49/90; Địa lí: thứ 20/90; GDCD: thứ 11/90; Tin học: thứ 26/90
HS1078,8.09,Cao hơn 0.77 điểm so với trung bình lớp,Thuộc Top 25% khối 10,Toán: thứ 10/29; Văn: thứ 7/29; Anh: thứ 6/29; Vật lí: thứ 11/29; Hóa học: thứ 7/29; Sinh học: thứ 2/29; Lịch sử: thứ 3/29; Địa lí: thứ 10/29; GDCD: thứ 10/29; Tin học: thứ 23/29,Toán: thứ 28/90; Văn: thứ 11/90; Anh: thứ 19/90; Vật lí: thứ 35/90; Hóa học: thứ 18/90; Sinh học: thứ 8/90; Lịch sử: thứ 3/90; Địa lí: thứ 37/90; GDCD: thứ 30/90; Tin học: thứ 74/90
HS1079,7.09,Cao hơn 0.03 điểm so với trung bình lớp,Thấp hơn trung bình khối 0.20 điểm,Toán: thứ 13/21; Văn: thứ 3/21; Anh: thứ 15/21; Vật lí: thứ 14/21; Hóa học: thứ 8/21; Sinh học: thứ 11/21; Lịch sử: thứ 11/21; Địa lí: thứ 10/21; GDCD: thứ 6/21; Tin học: thứ 12/21,Toán: thứ 57/90; Văn: thứ 21/90; Anh: thứ 75/90; Vật lí: thứ 57/90; Hóa học: thứ 36/90; Sinh học: thứ 57/90; Lịch sử: thứ 51/90; Địa lí: thứ 42/90; GDCD: thứ 30/90; Tin học: thứ 63/90
HS1080,7.95,Cao hơn 0.89 điểm so với trung bình lớp,Thuộc Top 25% khối 10,Toán: thứ 5/21; Văn: thứ 1/21; Anh: thứ 12/21; Vật lí: thứ 4/21; Hóa học: thứ 12/21; Sinh học: thứ 5/21; Lịch sử: thứ 2/21; Địa lí: thứ 5/21; GDCD: thứ 6/21; Tin học: thứ 2/21,Toán: thứ 28/90; Văn: thứ 8/90; Anh: thứ 68/90; Vật lí: thứ 14/90; Hóa học: thứ 54/90; Sinh học: thứ 21/90; Lịch sử: thứ 7/90; Địa lí: thứ 27/90; GDCD: thứ 30/90; Tin học: thứ 13/90
HS1081,8.56,Cao hơn 1.16 điểm so với trung bình lớp,Thuộc Top 10% khối 10,Toán: thứ 1/22; Văn: thứ 9/22; Anh: thứ 4/22; Vật lí: thứ 1/22; Hóa học: thứ 1/22; Sinh học: thứ 1/22; Lịch sử: thứ 6/22; Địa lí: thứ 14/22; GDCD: thứ 8/22; Tin học: thứ 8/22,Toán: thứ 1/90; Văn: thứ 29/90; Anh: thứ 9/90; Vật lí: thứ 7/90; Hóa học: thứ 7/90; Sinh học: thứ 1/90; Lịch sử: thứ 20/90; Địa lí: thứ 57/90; GDCD: thứ 21/90; Tin học: thứ 23/90
HS1082,6.3,Thấp hơn 1.06 điểm so với trung bình lớp,Thấp hơn trung bình khối 0.99 điểm,Toán: thứ 18/18; Văn: thứ 13/18; Anh: thứ 14/18; Vật lí: thứ 16/18; Hóa học: thứ 14/18; Sinh học: thứ 14/18; Lịch sử: thứ 14/18; Địa lí: thứ 18/18; GDCD: thứ 15/18; Tin học: thứ 12/18,Toán: thứ 90/90; Văn: thứ 47/90; Anh: thứ 69/90; Vật lí: thứ 70/90; Hóa học: thứ 59/90; Sinh học: thứ 68/90; Lịch sử: thứ 60/90; Địa lí: thứ 82/90; GDCD: thứ 69/90; Tin học: thứ 48/90
HS1083,6.49,Thấp hơn 0.87 điểm so với trung bình lớp,Thấp hơn trung bình khối 0.80 điểm,Toán: thứ 17/18; Văn: thứ 18/18; Anh: thứ 12/18; Vật lí: thứ 16/18; Hóa học: thứ 12/18; Sinh học: thứ 5/18; Lịch sử: thứ 3/18; Địa lí: thứ 12/18; GDCD: thứ 16/18; Tin học: thứ 17/18,Toán: thứ 85/90; Văn: thứ 89/90; Anh: thứ 59/90; Vật lí: thứ 70/90; Hóa học: thứ 52/90; Sinh học: thứ 38/90; Lịch sử: thứ 20/90; Địa lí: thứ 52/90; GDCD: thứ 70/90; Tin học: thứ 76/90
HS1084,6.79,Thấp hơn 0.27 điểm so với trung bình lớp,Thấp hơn trung bình khối 0.50 điểm,Toán: thứ 11/21; Văn: thứ 19/21; Anh: thứ 15/21; Vật lí: thứ 18/21; Hóa học: thứ 19/21; Sinh học: thứ 8/21; Lịch sử: thứ 5/21; Địa lí: thứ 13/21; GDCD: thứ 12/21; Tin học: thứ 10/21,Toán: thứ 47/90; Văn: thứ 77/90; Anh: thứ 75/90; Vật lí: thứ 80/90; Hóa học: thứ 76/90; Sinh học: thứ 29/90; Lịch sử: thứ 20/90; Địa lí: thứ 55/90; GDCD: thứ 60/90; Tin học: thứ 48/90
HS1085,7.09,Thấp hơn 0.23 điểm so với trung bình lớp,Thấp hơn trung bình khối 0.20 điểm,Toán: thứ 8/29; Văn: thứ 19/29; Anh: thứ 20/29; Vật lí: thứ 8/29; Hóa học: thứ 11/29; Sinh học: thứ 25/29; Lịch sử: thứ 29/29; Địa lí: thứ 10/29; GDCD: thứ 5/29; Tin học: thứ 19/29,Toán: thứ 25/90; Văn: thứ 51/90; Anh: thứ 59/90; Vật lí: thứ 29/90; Hóa học: thứ 31/90; Sinh học: thứ 68/90; Lịch sử: thứ 88/90; Địa lí: thứ 37/90; GDCD: thứ 16/90; Tin học: thứ 63/90
HS1086,5.71,Thấp hơn 1.61 điểm so với trung bình lớp,Thấp hơn trung bình khối 1.58 điểm,Toán: thứ 21/29; Văn: thứ 29/29; Anh: thứ 26/29; Vật lí: thứ 14/29; Hóa học: thứ 29/29; Sinh học: thứ 29/29; Lịch sử: thứ 28/29; Địa lí: thứ 27/29; GDCD: thứ 29/29; Tin học: thứ 23/29,Toán: thứ 56/90; Văn: thứ 87/90; Anh: thứ 81/90; Vật lí: thứ 51/90; Hóa học: thứ 86/90; Sinh học: thứ 85/90; Lịch sử: thứ 86/90; Địa lí: thứ 87/90; GDCD: thứ 88/90; Tin học: thứ 74/90
HS1087,6.65,Thấp hơn 0.75 điểm so với trung bình lớp,Thấp hơn trung bình khối 0.64 điểm,Toán: thứ 9/22; Văn: thứ 19/22; Anh: thứ 18/22; Vật lí: thứ 19/22; Hóa học: thứ 15/22; Sinh học: thứ 15/22; Lịch sử: thứ 18/22; Địa lí: thứ 15/22; GDCD: thứ 22/22; Tin học: thứ 8/22,Toán: thứ 33/90; Văn: thứ 77/90; Anh: thứ 59/90; Vật lí: thứ 72/90; Hóa học: thứ 70/90; Sinh học: thứ 59/90; Lịch sử: thứ 56/90; Địa lí: thứ 60/90; GDCD: thứ 86/90; Tin học: thứ 23/90
HS1088,7.8,Cao hơn 0.48 điểm so với trung bình lớp,Cao hơn trung bình khối 0.51 điểm,Toán: thứ 12/29; Văn: thứ 9/29; Anh: thứ 6/29; Vật lí: thứ 1/29; Hóa học: thứ 12/29; Sinh học: thứ 4/29; Lịch sử: thứ 18/29; Địa lí: thứ 18/29; GDCD: thứ 18/29; Tin học: thứ 18/29,Toán: thứ 33/90; Văn: thứ 18/90; Anh: thứ 19/90; Vật lí: thứ 1/90; Hóa học: thứ 32/90; Sinh học: thứ 14/90; Lịch sử: thứ 64/90; Địa lí: thứ 55/90; GDCD: thứ 50/90; Tin học: thứ 62/90
HS1089,8.26,Cao hơn 0.90 điểm so với trung bình lớp,Thuộc Top 25% khối 10,Toán: thứ 12/18; Văn: thứ 3/18; Anh: thứ 1/18; Vật lí: thứ 7/18; Hóa học: thứ 7/18; Sinh học: thứ 4/18; Lịch sử: thứ 4/18; Địa lí: thứ 4/18; GDCD: thứ 6/18; Tin học: thứ 2/18,Toán: thứ 66/90; Văn: thứ 14/90; Anh: thứ 1/90; Vật lí: thứ 19/90; Hóa học: thứ 30/90; Sinh học: thứ 29/90; Lịch sử: thứ 25/90; Địa lí: thứ 12/90; GDCD: thứ 30/90; Tin học: thứ 4/90
HS1090,5.54,Thấp hơn 1.86 điểm so với trung bình lớp,Thấp hơn trung bình khối 1.75 điểm,Toán: thứ 21/22; Văn: thứ 19/22; Anh: thứ 22/22; Vật lí: thứ 20/22; Hóa học: thứ 22/22; Sinh học: thứ 21/22; Lịch sử: thứ 21/22; Địa lí: thứ 20/22; GDCD: thứ 21/22; Tin học: thứ 20/22,Toán: thứ 80/90; Văn: thứ 77/90; Anh: thứ 90/90; Vật lí: thứ 77/90; Hóa học: thứ 90/90; Sinh học: thứ 87/90; Lịch sử: thứ 81/90; Địa lí: thứ 80/90; GDCD: thứ 84/90; Tin học: thứ 72/90
HS1091,7.35,Cao hơn 0.12 điểm so với trung bình lớp,Thấp hơn trung bình khối 0.06 điểm,Toán: thứ 6/29; Văn: thứ 2/29; Anh: thứ 23/29; Vật lí: thứ 15/29; Hóa học: thứ 9/29; Sinh học: thứ 21/29; Lịch sử: thứ 21/29; Địa lí: thứ 10/29; GDCD: thứ 14/29; Tin học: thứ 11/29,Toán: thứ 27/90; Văn: thứ 10/90; Anh: thứ 75/90; Vật lí: thứ 42/90; Hóa học: thứ 31/90; Sinh học: thứ 62/90; Lịch sử: thứ 74/90; Địa lí: thứ 43/90; GDCD: thứ 52/90; Tin học: thứ 45/90
HS1092,6.0,Thấp hơn 1.39 điểm so với trung bình lớp,Thấp hơn trung bình khối 1.41 điểm,Toán: thứ 7/19; Văn: thứ 17/19; Anh: thứ 10/19; Vật lí: thứ 13/19; Hóa học: thứ 19/19; Sinh học: thứ 13/19; Lịch sử: thứ 19/19; Địa lí: thứ 16/19; GDCD: thứ 18/19; Tin học: thứ 19/19,Toán: thứ 45/90; Văn: thứ 83/90; Anh: thứ 47/90; Vật lí: thứ 54/90; Hóa học: thứ 89/90; Sinh học: thứ 65/90; Lịch sử: thứ 90/90; Địa lí: thứ 76/90; GDCD: thứ 80/90; Tin học: thứ 90/90
HS1093,8.14,Cao hơn 0.75 điểm so với trung bình lớp,Thuộc Top 25% khối 11,Toán: thứ 1/19; Văn: thứ 1/19; Anh: thứ 12/19; Vật lí: thứ 8/19; Hóa học: thứ 7/19; Sinh học: thứ 12/19; Lịch sử: thứ 5/19; Địa lí: thứ 3/19; GDCD: thứ 3/19; Tin học: thứ 7/19,Toán: thứ 12/90; Văn: thứ 1/90; Anh: thứ 53/90; Vật lí: thứ 31/90; Hóa học: thứ 25/90; Sinh học: thứ 59/90; Lịch sử: thứ 24/90; Địa lí: thứ 18/90; GDCD: thứ 17/90; Tin học: thứ 31/90
HS1094,7.62,Thấp hơn 0.13 điểm so với trung bình lớp,Cao hơn trung bình khối 0.21 điểm,Toán: thứ 4/19; Văn: thứ 15/19; Anh: thứ 12/19; Vật lí: thứ 16/19; Hóa học: thứ 9/19; Sinh học: thứ 12/19; Lịch sử: thứ 15/19; Địa lí: thứ 1/19; GDCD: thứ 15/19; Tin học: thứ 9/19,Toán: thứ 11/90; Văn: thứ 51/90; Anh: thứ 42/90; Vật lí: thứ 70/90; Hóa học: thứ 41/90; Sinh học: thứ 44/90; Lịch sử: thứ 55/90; Địa lí: thứ 3/90; GDCD: thứ 63/90; Tin học: thứ 29/90
HS1095,6.97,Thấp hơn 0.41 điểm so với trung bình lớp,Thấp hơn trung bình khối 0.44 điểm,Toán: thứ 16/23; Văn: thứ 12/23; Anh: thứ 6/23; Vật lí: thứ 14/23; Hóa học: thứ 16/23; Sinh học: thứ 11/23; Lịch sử: thứ 14/23; Địa lí: thứ 5/23; GDCD: thứ 17/23; Tin học: thứ 21/23,Toán: thứ 74/90; Văn: thứ 44/90; Anh: thứ 30/90; Vật lí: thứ 66/90; Hóa học: thứ 67/90; Sinh học: thứ 51/90; Lịch sử: thứ 58/90; Địa lí: thứ 18/90; GDCD: thứ 58/90; Tin học: thứ 84/90
HS1096,7.98,Cao hơn 0.59 điểm so với trung bình lớp,Cao hơn trung bình khối 0.57 điểm,Toán: thứ 16/19; Văn: thứ 3/19; Anh: thứ 3/19; Vật lí: thứ 17/19; Hóa học: thứ 3/19; Sinh học: thứ 8/19; Lịch sử: thứ 5/19; Địa lí: thứ 7/19; GDCD: thứ 6/19; Tin học: thứ 2/19,Toán: thứ 66/90; Văn: thứ 8/90; Anh: thứ 11/90; Vật lí: thứ 70/90; Hóa học: thứ 11/90; Sinh học: thứ 33/90; Lịch sử: thứ 24/90; Địa lí: thứ 35/90; GDCD: thứ 27/90; Tin học: thứ 11/90
HS1097,7.45,Thấp hơn 0.30 điểm so với trung bình lớp,Cao hơn trung bình khối 0.04 điểm,Toán: thứ 16/19; Văn: thứ 16/19; Anh: thứ 1/19; Vật lí: thứ 12/19; Hóa học: thứ 15/19; Sinh học: thứ 12/19; Lịch sử: thứ 3/19; Địa lí: thứ 14/19; GDCD: thứ 18/19; Tin học: thứ 5/19,Toán: thứ 68/90; Văn: thứ 55/90; Anh: thứ 2/90; Vật lí: thứ 57/90; Hóa học: thứ 60/90; Sinh học: thứ 44/90; Lịch sử: thứ 14/90; Địa lí: thứ 43/90; GDCD: thứ 85/90; Tin học: thứ 17/90
HS1098,7.17,Thấp hơn 0.06 điểm so với trung bình lớp,Thấp hơn trung bình khối 0.24 điểm,Toán: thứ 25/29; Văn: thứ 22/29; Anh: thứ 12/29; Vật lí: thứ 1/29; Hóa học: thứ 23/29; Sinh học: thứ 20/29; Lịch sử: thứ 6/29; Địa lí: thứ 13/29; GDCD: thứ 12/29; Tin học: thứ 21/29,Toán: thứ 77/90; Văn: thứ 71/90; Anh: thứ 47/90; Vật lí: thứ 6/90; Hóa học: thứ 71/90; Sinh học: thứ 59/90; Lịch sử: thứ 24/90; Địa lí: thứ 49/90; GDCD: thứ 49/90; Tin học: thứ 68/90
HS1099,8.53,Cao hơn 0.78 điểm so với trung bình lớp,Thuộc Top 25% khối 11,Toán: thứ 2/19; Văn: thứ 7/19; Anh: thứ 5/19; Vật lí: thứ 5/19; Hóa học: thứ 5/19; Sinh học: thứ 7/19; Lịch sử: thứ 13/19; Địa lí: thứ 10/19; GDCD: thứ 2/19; Tin học: thứ 4/19,Toán: thứ 6/90; Văn: thứ 19/90; Anh: thứ 11/90; Vật lí: thứ 20/90; Hóa học: thứ 19/90; Sinh học: thứ 25/90; Lịch sử: thứ 50/90; Địa lí: thứ 30/90; GDCD: thứ 6/90; Tin học: thứ 11/90
HS1100,7.52,Cao hơn 0.29 điểm so với trung bình lớp,Cao hơn trung bình khối 0.11 điểm,Toán: thứ 12/29; Văn: thứ 4/29; Anh: thứ 7/29; Vật lí: thứ 7/29; Hóa học: thứ 6/29; Sinh học: thứ 3/29; Lịch sử: thứ 23/29; Địa lí: thứ 24/29; GDCD: thứ 15/29; Tin học: thứ 14/29,Toán: thứ 41/90; Văn: thứ 23/90; Anh: thứ 23/90; Vật lí: thứ 22/90; Hóa học: thứ 17/90; Sinh học: thứ 14/90; Lịch sử: thứ 76/90; Địa lí: thứ 78/90; GDCD: thứ 58/90; Tin học: thứ 53/90
HS1101,8.19,Cao hơn 0.81 điểm so với trung bình lớp,Thuộc Top 25% khối 11,Toán: thứ 7/23; Văn: thứ 5/23; Anh: thứ 9/23; Vật lí: thứ 8/23; Hóa học: thứ 4/23; Sinh học: thứ 14/23; Lịch sử: thứ 8/23; Địa lí: thứ 2/23; GDCD: thứ 1/23; Tin học: thứ 9/23,Toán: thứ 14/90; Văn: thứ 19/90; Anh: thứ 36/90; Vật lí: thứ 39/90; Hóa học: thứ 19/90; Sinh học: thứ 56/90; Lịch sử: thứ 19/90; Địa lí: thứ 8/90; GDCD: thứ 1/90; Tin học: thứ 39/90
HS1102,6.94,Thấp hơn 0.45 điểm so với trung bình lớp,Thấp hơn trung bình khối 0.47 điểm,Toán: thứ 14/19; Văn: thứ 17/19; Anh: thứ 14/19; Vật lí: thứ 9/19; Hóa học: thứ 14/19; Sinh học: thứ 14/19; Lịch sử: thứ 14/19; Địa lí: thứ 17/19; GDCD: thứ 10/19; Tin học: thứ 4/19,Toán: thứ 60/90; Văn: thứ 83/90; Anh: thứ 66/90; Vật lí: thứ 36/90; Hóa học: thứ 47/90; Sinh học: thứ 69/90; Lịch sử: thứ 64/90; Địa lí: thứ 78/90; GDCD: thứ 38/90; Tin học: thứ 17/90
HS1103,7.8,Cao hơn 0.05 điểm so với trung bình lớp,Cao hơn trung bình khối 0.39 điểm,Toán: thứ 15/19; Văn: thứ 4/19; Anh: thứ 5/19; Vật lí: thứ 18/19; Hóa học: thứ 13/19; Sinh học: thứ 10/19; Lịch sử: thứ 10/19; Địa lí: thứ 4/19; GDCD: thứ 9/19; Tin học: thứ 2/19,Toán: thứ 60/90; Văn: thứ 12/90; Anh: thứ 11/90; Vật lí: thứ 74/90; Hóa học: thứ 51/90; Sinh học: thứ 41/90; Lịch sử: thứ 42/90; Địa lí: thứ 10/90; GDCD: thứ 34/90; Tin học: thứ 5/90
HS1104,7.32,Thấp hơn 0.07 điểm so với trung bình lớp,Thấp hơn trung bình khối 0.09 điểm,Toán: thứ 16/19; Văn: thứ 12/19; Anh: thứ 15/19; Vật lí: thứ 11/19; Hóa học: thứ 6/19; Sinh học: thứ 5/19; Lịch sử: thứ 8/19; Địa lí: thứ 7/19; GDCD: thứ 11/19; Tin học: thứ 12/19,Toán: thứ 66/90; Văn: thứ 66/90; Anh: thứ 68/90; Vật lí: thứ 45/90; Hóa học: thứ 23/90; Sinh học: thứ 21/90; Lịch sử: thứ 36/90; Địa lí: thứ 35/90; GDCD: thứ 42/90; Tin học: thứ 58/90
HS1105,5.68,Thấp hơn 1.55 điểm so với trung bình lớp,Thấp hơn trung bình khối 1.73 điểm,Toán: thứ 28/29; Văn: thứ 29/29; Anh: thứ 26/29; Vật lí: thứ 28/29; Hóa học: thứ 25/29; Sinh học: thứ 28/29; Lịch sử: thứ 16/29; Địa lí: thứ 29/29; GDCD: thứ 28/29; Tin học: thứ 13/29,Toán: thứ 87/90; Văn: thứ 88/90; Anh: thứ 81/90; Vật lí: thứ 89/90; Hóa học: thứ 74/90; Sinh học: thứ 88/90; Lịch sử: thứ 55/90; Địa lí: thứ 89/90; GDCD: thứ 85/90; Tin học: thứ 50/90
HS1106,8.43,Cao hơn 0.68 điểm so với trung bình lớp,Thuộc Top 25% khối 11,Toán: thứ 6/19; Văn: thứ 4/19; Anh: thứ 7/19; Vật lí: thứ 15/19; Hóa học: thứ 9/19; Sinh học: thứ 3/19; Lịch sử: thứ 5/19; Địa lí: thứ 8/19; GDCD: thứ 1/19; Tin học: thứ 2/19,Toán: thứ 18/90; Văn: thứ 12/90; Anh: thứ 19/90; Vật lí: thứ 66/90; Hóa học: thứ 41/90; Sinh học: thứ 4/90; Lịch sử: thứ 18/90; Địa lí: thứ 18/90; GDCD: thứ 5/90; Tin học: thứ 5/90
HS1107,8.61,Cao hơn 1.23 điểm so với trung bình lớp,Thuộc Top 10% khối 11,Toán: thứ 3/23; Văn: thứ 11/23; Anh: thứ 1/23; Vật lí: thứ 4/23; Hóa học: thứ 5/23; Sinh học: thứ 5/23; Lịch sử: thứ 14/23; Địa lí: thứ 10/23; GDCD: thứ 1/23; Tin học: thứ 3/23,Toán: thứ 7/90; Văn: thứ 36/90; Anh: thứ 1/90; Vật lí: thứ 14/90; Hóa học: thứ 25/90; Sinh học: thứ 21/90; Lịch sử: thứ 58/90; Địa lí: thứ 39/90; GDCD: thứ 1/90; Tin học: thứ 8/90
HS1108,8.0,Cao hơn 0.62 điểm so với trung bình lớp,Thuộc Top 25% khối 11,Toán: thứ 3/23; Văn: thứ 5/23; Anh: thứ 5/23; Vật lí: thứ 2/23; Hóa học: thứ 14/23; Sinh học: thứ 18/23; Lịch sử: thứ 12/23; Địa lí: thứ 4/23; GDCD: thứ 9/23; Tin học: thứ 9/23,Toán: thứ 7/90; Văn: thứ 19/90; Anh: thứ 25/90; Vật lí: thứ 11/90; Hóa học: thứ 64/90; Sinh học: thứ 69/90; Lịch sử: thứ 47/90; Địa lí: thứ 14/90; GDCD: thứ 17/90; Tin học: thứ 39/90
HS1109,5.76,Thấp hơn 1.62 điểm so với trung bình lớp,Thấp hơn trung bình khối 1.65 điểm,Toán: thứ 23/23; Văn: thứ 19/23; Anh: thứ 18/23; Vật lí: thứ 22/23; Hóa học: thứ 21/23; Sinh học: thứ 23/23; Lịch sử: thứ 23/23; Địa lí: thứ 18/23; GDCD: thứ 14/23; Tin học: thứ 17/23,Toán: thứ 90/90; Văn: thứ 77/90; Anh: thứ 68/90; Vật lí: thứ 84/90; Hóa học: thứ 87/90; Sinh học: thứ 89/90; Lịch sử: thứ 89/90; Địa lí: thứ 67/90; GDCD: thứ 49/90; Tin học: thứ 68/90
HS1110,8.18,Cao hơn 0.79 điểm so với trung bình lớp,Thuộc Top 25% khối 11,Toán: thứ 4/19; Văn: thứ 2/19; Anh: thứ 7/19; Vật lí: thứ 16/19; Hóa học: thứ 3/19; Sinh học: thứ 2/19; Lịch sử: thứ 5/19; Địa lí: thứ 2/19; GDCD: thứ 5/19; Tin học: thứ 10/19,Toán: thứ 21/90; Văn: thứ 5/90; Anh: thứ 35/90; Vật lí: thứ 66/90; Hóa học: thứ 11/90; Sinh học: thứ 7/90; Lịch sử: thứ 24/90; Địa lí: thứ 14/90; GDCD: thứ 20/90; Tin học: thứ 39/90
HS1111,6.98,Thấp hơn 0.41 điểm so với trung bình lớp,Thấp hơn trung bình khối 0.43 điểm,Toán: thứ 3/19; Văn: thứ 19/19; Anh: thứ 12/19; Vật lí: thứ 4/19; Hóa học: thứ 5/19; Sinh học: thứ 18/19; Lịch sử: thứ 12/19; Địa lí: thứ 17/19; GDCD: thứ 13/19; Tin học: thứ 18/19,Toán: thứ 19/90; Văn: thứ 90/90; Anh: thứ 53/90; Vật lí: thứ 16/90; Hóa học: thứ 17/90; Sinh học: thứ 78/90; Lịch sử: thứ 50/90; Địa lí: thứ 78/90; GDCD: thứ 45/90; Tin học: thứ 84/90
HS1112,6.32,Thấp hơn 1.07 điểm so với trung bình lớp,Thấp hơn trung bình khối 1.09 điểm,Toán: thứ 19/19; Văn: thứ 10/19; Anh: thứ 10/19; Vật lí: thứ 19/19; Hóa học: thứ 15/19; Sinh học: thứ 19/19; Lịch sử: thứ 17/19; Địa lí: thứ 11/19; GDCD: thứ 16/19; Tin học: thứ 12/19,Toán: thứ 86/90; Văn: thứ 51/90; Anh: thứ 47/90; Vật lí: thứ 87/90; Hóa học: thứ 55/90; Sinh học: thứ 87/90; Lịch sử: thứ 76/90; Địa lí: thứ 57/90; GDCD: thứ 76/90; Tin học: thứ 58/90
HS1113,6.06,Thấp hơn 1.32 điểm so với trung bình lớp,Thấp hơn trung bình khối 1.35 điểm,Toán: thứ 20/23; Văn: thứ 14/23; Anh: thứ 19/23; Vật lí: thứ 15/23; Hóa học: thứ 22/23; Sinh học: thứ 11/23; Lịch sử: thứ 21/23; Địa lí: thứ 22/23; GDCD: thứ 23/23; Tin học: thứ 21/23,Toán: thứ 82/90; Văn: thứ 50/90; Anh: thứ 77/90; Vật lí: thứ 69/90; Hóa học: thứ 88/90; Sinh học: thứ 51/90; Lịch sử: thứ 82/90; Địa lí: thứ 84/90; GDCD: thứ 89/90; Tin học: thứ 84/90
HS1114,7.83,Cao hơn 0.44 điểm so với trung bình lớp,Cao hơn trung bình khối 0.42 điểm,Toán: thứ 14/19; Văn: thứ 8/19; Anh: thứ 4/19; Vật lí: thứ 5/19; Hóa học: thứ 7/19; Sinh học: thứ 14/19; Lịch sử: thứ 1/19; Địa lí: thứ 9/19; GDCD: thứ 7/19; Tin học: thứ 6/19,Toán: thứ 60/90; Văn: thứ 36/90; Anh: thứ 21/90; Vật lí: thứ 27/90; Hóa học: thứ 25/90; Sinh học: thứ 69/90; Lịch sử: thứ 3/90; Địa lí: thứ 39/90; GDCD: thứ 30/90; Tin học: thứ 29/90
HS1115,7.47,Cao hơn 0.24 điểm so với trung bình lớp,Cao hơn trung bình khối 0.06 điểm,Toán: thứ 22/29; Văn: thứ 7/29; Anh: thứ 10/29; Vật lí: thứ 19/29; Hóa học: thứ 17/29; Sinh học: thứ 15/29; Lịch sử: thứ 4/29; Địa lí: thứ 18/29; GDCD: thứ 22/29; Tin học: thứ 1/29,Toán: thứ 68/90; Văn: thứ 32/90; Anh: thứ 36/90; Vật lí: thứ 53/90; Hóa học: thứ 55/90; Sinh học: thứ 44/90; Lịch sử: thứ 14/90; Địa lí: thứ 63/90; GDCD: thứ 73/90; Tin học: thứ 4/90
HS1116,8.55,Cao hơn 1.32 điểm so với trung bình lớp,Thuộc Top 10% khối 11,Toán: thứ 18/29; Văn: thứ 5/29; Anh: thứ 3/29; Vật lí: thứ 10/29; Hóa học: thứ 2/29; Sinh học: thứ 2/29; Lịch sử: thứ 1/29; Địa lí: thứ 1/29; GDCD: thứ 6/29; Tin học: thứ 19/29,Toán: thứ 53/90; Văn: thứ 25/90; Anh: thứ 9/90; Vật lí: thứ 32/90; Hóa học: thứ 3/90; Sinh học: thứ 11/90; Lịch sử: thứ 1/90; Địa lí: thứ 1/90; GDCD: thứ 27/90; Tin học: thứ 62/90
HS1117,6.22,Thấp hơn 1.16 điểm so với trung bình lớp,Thấp hơn trung bình khối 1.19 điểm,Toán: thứ 15/23; Văn: thứ 18/23; Anh: thứ 20/23; Vật lí: thứ 16/23; Hóa học: thứ 17/23; Sinh học: thứ 22/23; Lịch sử: thứ 19/23; Địa lí: thứ 13/23; GDCD: thứ 17/23; Tin học: thứ 23/23,Toán: thứ 73/90; Văn: thứ 66/90; Anh: thứ 79/90; Vật lí: thứ 70/90; Hóa học: thứ 74/90; Sinh học: thứ 86/90; Lịch sử: thứ 67/90; Địa lí: thứ 51/90; GDCD: thứ 58/90; Tin học: thứ 88/90
HS1118,8.23,Cao hơn 0.85 điểm so với trung bình lớp,Thuộc Top 25% khối 11,Toán: thứ 8/23; Văn: thứ 4/23; Anh: thứ 9/23; Vật lí: thứ 9/23; Hóa học: thứ 7/23; Sinh học: thứ 2/23; Lịch sử: thứ 1/23; Địa lí: thứ 5/23; GDCD: thứ 1/23; Tin học: thứ 20/23,Toán: thứ 21/90; Văn: thứ 16/90; Anh: thứ 36/90; Vật lí: thứ 45/90; Hóa học: thứ 31/90; Sinh học: thứ 7/90; Lịch sử: thứ 5/90; Địa lí: thứ 18/90; GDCD: thứ 1/90; Tin học: thứ 72/90
HS1119,6.83,Thấp hơn 0.55 điểm so với trung bình lớp,Thấp hơn trung bình khối 0.58 điểm,Toán: thứ 12/23; Văn: thứ 23/23; Anh: thứ 17/23; Vật lí: thứ 22/23; Hóa học: thứ 12/23; Sinh học: thứ 15/23; Lịch sử: thứ 11/23; Địa lí: thứ 19/23; GDCD: thứ 12/23; Tin học: thứ 16/23,Toán: thứ 45/90; Văn: thứ 89/90; Anh: thứ 66/90; Vật lí: thứ 84/90; Hóa học: thứ 55/90; Sinh học: thứ 62/90; Lịch sử: thứ 31/90; Địa lí: thứ 72/90; GDCD: thứ 27/90; Tin học: thứ 62/90
HS1120,7.19,Thấp hơn 0.04 điểm so với trung bình lớp,Thấp hơn trung bình khối 0.22 điểm,Toán: thứ 8/29; Văn: thứ 16/29; Anh: thứ 19/29; Vật lí: thứ 24/29; Hóa học: thứ 24/29; Sinh học: thứ 7/29; Lịch sử: thứ 8/29; Địa lí: thứ 9/29; GDCD: thứ 8/29; Tin học: thứ 23/29,Toán: thứ 29/90; Văn: thứ 60/90; Anh: thứ 63/90; Vật lí: thứ 74/90; Hóa học: thứ 73/90; Sinh học: thứ 21/90; Lịch sử: thứ 31/90; Địa lí: thứ 35/90; GDCD: thứ 38/90; Tin học: thứ 75/90
HS1121,7.43,Cao hơn 0.04 điểm so với trung bình lớp,Cao hơn trung bình khối 0.02 điểm,Toán: thứ 11/19; Văn: thứ 11/19; Anh: thứ 6/19; Vật lí: thứ 5/19; Hóa học: thứ 9/19; Sinh học: thứ 11/19; Lịch sử: thứ 16/19; Địa lí: thứ 4/19; GDCD: thứ 15/19; Tin học: thứ 7/19,Toán: thứ 57/90; Văn: thứ 60/90; Anh: thứ 30/90; Vật lí: thứ 27/90; Hóa học: thứ 30/90; Sinh học: thứ 44/90; Lịch sử: thứ 67/90; Địa lí: thứ 26/90; GDCD: thứ 67/90; Tin học: thứ 31/90
HS1122,6.9,Thấp hơn 0.85 điểm so với trung bình lớp,Thấp hơn trung bình khối 0.51 điểm,Toán: thứ 19/19; Văn: thứ 9/19; Anh: thứ 19/19; Vật lí: thứ 9/19; Hóa học: thứ 11/19; Sinh học: thứ 14/19; Lịch sử: thứ 8/19; Địa lí: thứ 19/19; GDCD: thứ 10/19; Tin học: thứ 15/19,Toán: thứ 88/90; Văn: thứ 32/90; Anh: thứ 81/90; Vật lí: thứ 34/90; Hóa học: thứ 47/90; Sinh học: thứ 56/90; Lịch sử: thứ 36/90; Địa lí: thứ 78/90; GDCD: thứ 42/90; Tin học: thứ 52/90
HS1123,9.06,Cao hơn 1.68 điểm so với trung bình lớp,Thuộc Top 10% khối 11,Toán: thứ 1/23; Văn: thứ 2/23; Anh: thứ 3/23; Vật lí: thứ 1/23; Hóa học: thứ 2/23; Sinh học: thứ 3/23; Lịch sử: thứ 10/23; Địa lí: thứ 1/23; GDCD: thứ 6/23; Tin học: thứ 4/23,Toán: thứ 1/90; Văn: thứ 6/90; Anh: thứ 17/90; Vật lí: thứ 4/90; Hóa học: thứ 6/90; Sinh học: thứ 11/90; Lịch sử: thứ 30/90; Địa lí: thứ 1/90; GDCD: thứ 10/90; Tin học: thứ 11/90
HS1124,7.58,Thấp hơn 0.17 điểm so với trung bình lớp,Cao hơn trung bình khối 0.17 điểm,Toán: thứ 7/19; Văn: thứ 7/19; Anh: thứ 8/19; Vật lí: thứ 19/19; Hóa học: thứ 15/19; Sinh học: thứ 4/19; Lịch sử: thứ 7/19; Địa lí: thứ 12/19; GDCD: thứ 12/19; Tin học: thứ 16/19,Toán: thứ 21/90; Văn: thứ 19/90; Anh: thứ 21/90; Vật lí: thứ 78/90; Hóa học: thứ 60/90; Sinh học: thứ 10/90; Lịch sử: thứ 35/90; Địa lí: thứ 35/90; GDCD: thứ 52/90; Tin học: thứ 64/90
HS1125,6.87,Thấp hơn 0.36 điểm so với trung bình lớp,Thấp hơn trung bình khối 0.54 điểm,Toán: thứ 16/29; Văn: thứ 19/29; Anh: thứ 6/29; Vật lí: thứ 20/29; Hóa học: thứ 15/29; Sinh học: thứ 15/29; Lịch sử: thứ 29/29; Địa lí: thứ 25/29; GDCD: thứ 8/29; Tin học: thứ 28/29,Toán: thứ 45/90; Văn: thứ 66/90; Anh: thứ 17/90; Vật lí: thứ 54/90; Hóa học: thứ 51/90; Sinh học: thứ 44/90; Lịch sử: thứ 86/90; Địa lí: thứ 84/90; GDCD: thứ 38/90; Tin học: thứ 84/90
HS1126,7.53,Cao hơn 0.14 điểm so với trung bình lớp,Cao hơn trung bình khối 0.12 điểm,Toán: thứ 7/19; Văn: thứ 5/19; Anh: thứ 5/19; Vật lí: thứ 5/19; Hóa học: thứ 12/19; Sinh học: thứ 10/19; Lịch sử: thứ 3/19; Địa lí: thứ 15/19; GDCD: thứ 8/19; Tin học: thứ 17/19,Toán: thứ 45/90; Văn: thứ 18/90; Anh: thứ 23/90; Vật lí: thứ 27/90; Hóa học: thứ 41/90; Sinh học: thứ 36/90; Lịch sử: thứ 19/90; Địa lí: thứ 74/90; GDCD: thứ 36/90; Tin học: thứ 80/90
HS1127,6.27,Thấp hơn 0.96 điểm so với trung bình lớp,Thấp hơn trung bình khối 1.14 điểm,Toán: thứ 19/29; Văn: thứ 27/29; Anh: thứ 16/29; Vật lí: thứ 29/29; Hóa học: thứ 27/29; Sinh học: thứ 11/29; Lịch sử: thứ 23/29; Địa lí: thứ 23/29; GDCD: thứ 18/29; Tin học: thứ 27/29,Toán: thứ 54/90; Văn: thứ 81/90; Anh: thứ 53/90; Vật lí: thứ 90/90; Hóa học: thứ 83/90; Sinh học: thứ 36/90; Lịch sử: thứ 76/90; Địa lí: thứ 74/90; GDCD: thứ 67/90; Tin học: thứ 83/90
HS1128,7.06,Thấp hơn 0.17 điểm so với trung bình lớp,Thấp hơn trung bình khối 0.35 điểm,Toán: thứ 20/29; Văn: thứ 12/29; Anh: thứ 12/29; Vật lí: thứ 12/29; Hóa học: thứ 26/29; Sinh học: thứ 12/29; Lịch sử: thứ 11/29; Địa lí: thứ 10/29; GDCD: thứ 27/29; Tin học: thứ 14/29,Toán: thứ 60/90; Văn: thứ 44/90; Anh: thứ 47/90; Vật lí: thứ 36/90; Hóa học: thứ 77/90; Sinh học: thứ 38/90; Lịch sử: thứ 36/90; Địa lí: thứ 43/90; GDCD: thứ 82/90; Tin học: thứ 53/90
HS1129,8.35,Cao hơn 0.97 điểm so với trung bình lớp,Thuộc Top 25% khối 11,Toán: thứ 5/23; Văn: thứ 22/23; Anh: thứ 6/23; Vật lí: thứ 6/23; Hóa học: thứ 7/23; Sinh học: thứ 5/23; Lịch sử: thứ 3/23; Địa lí: thứ 2/23; GDCD: thứ 10/23; Tin học: thứ 2/23,Toán: thứ 10/90; Văn: thứ 87/90; Anh: thứ 30/90; Vật lí: thứ 26/90; Hóa học: thứ 31/90; Sinh học: thứ 21/90; Lịch sử: thứ 7/90; Địa lí: thứ 8/90; GDCD: thứ 20/90; Tin học: thứ 2/90
HS1130,6.99,Thấp hơn 0.39 điểm so với trung bình lớp,Thấp hơn trung bình khối 0.42 điểm,Toán: thứ 9/23; Văn: thứ 12/23; Anh: thứ 6/23; Vật lí: thứ 18/23; Hóa học: thứ 19/23; Sinh học: thứ 8/23; Lịch sử: thứ 20/23; Địa lí: thứ 13/23; GDCD: thứ 20/23; Tin học: thứ 13/23,Toán: thứ 30/90; Văn: thứ 44/90; Anh: thứ 30/90; Vật lí: thứ 80/90; Hóa học: thứ 77/90; Sinh học: thứ 38/90; Lịch sử: thứ 76/90; Địa lí: thứ 51/90; GDCD: thứ 67/90; Tin học: thứ 45/90
HS1131,8.24,Cao hơn 0.85 điểm so với trung bình lớp,Thuộc Top 25% khối 11,Toán: thứ 4/19; Văn: thứ 6/19; Anh: thứ 2/19; Vật lí: thứ 10/19; Hóa học: thứ 10/19; Sinh học: thứ 8/19; Lịch sử: thứ 2/19; Địa lí: thứ 4/19; GDCD: thứ 2/19; Tin học: thứ 1/19,Toán: thứ 21/90; Văn: thứ 27/90; Anh: thứ 9/90; Vật lí: thứ 42/90; Hóa học: thứ 31/90; Sinh học: thứ 33/90; Lịch sử: thứ 9/90; Địa lí: thứ 26/90; GDCD: thứ 16/90; Tin học: thứ 8/90
HS1132,7.29,Thấp hơn 0.46 điểm so với trung bình lớp,Thấp hơn trung bình khối 0.12 điểm,Toán: thứ 12/19; Văn: thứ 16/19; Anh: thứ 17/19; Vật lí: thứ 4/19; Hóa học: thứ 14/19; Sinh học: thứ 19/19; Lịch sử: thứ 8/19; Địa lí: thứ 4/19; GDCD: thứ 6/19; Tin học: thứ 17/19,Toán: thứ 38/90; Văn: thứ 55/90; Anh: thứ 73/90; Vật lí: thứ 8/90; Hóa học: thứ 55/90; Sinh học: thứ 83/90; Lịch sử: thứ 36/90; Địa lí: thứ 10/90; GDCD: thứ 31/90; Tin học: thứ 77/90
HS1133,5.99,Thấp hơn 1.24 điểm so với trung bình lớp,Thấp hơn trung bình khối 1.42 điểm,Toán: thứ 25/29; Văn: thứ 25/29; Anh: thứ 28/29; Vật lí: thứ 17/29; Hóa học: thứ 29/29; Sinh học: thứ 29/29; Lịch sử: thứ 15/29; Địa lí: thứ 25/29; GDCD: thứ 22/29; Tin học: thứ 25/29,Toán: thứ 77/90; Văn: thứ 75/90; Anh: thứ 86/90; Vật lí: thứ 51/90; Hóa học: thứ 86/90; Sinh học: thứ 89/90; Lịch sử: thứ 50/90; Địa lí: thứ 84/90; GDCD: thứ 73/90; Tin học: thứ 77/90
HS1134,8.83,Cao hơn 1.60 điểm so với trung bình lớp,Thuộc Top 10% khối 11,Toán: thứ 1/29; Văn: thứ 11/29; Anh: thứ 2/29; Vật lí: thứ 5/29; Hóa học: thứ 1/29; Sinh học: thứ 4/29; Lịch sử: thứ 2/29; Địa lí: thứ 2/29; GDCD: thứ 3/29; Tin học: thứ 6/29,Toán: thứ 1/90; Văn: thứ 43/90; Anh: thứ 7/90; Vật lí: thứ 16/90; Hóa học: thứ 1/90; Sinh học: thứ 16/90; Lịch sử: thứ 7/90; Địa lí: thứ 6/90; GDCD: thứ 23/90; Tin học: thứ 25/90
HS1135,6.8,Thấp hơn 0.95 điểm so với trung bình lớp,Thấp hơn trung bình khối 0.61 điểm,Toán: thứ 13/19; Văn: thứ 13/19; Anh: thứ 16/19; Vật lí: thứ 14/19; Hóa học: thứ 18/19; Sinh học: thứ 15/19; Lịch sử: thứ 17/19; Địa lí: thứ 13/19; GDCD: thứ 19/19; Tin học: thứ 13/19,Toán: thứ 51/90; Văn: thứ 44/90; Anh: thứ 71/90; Vật lí: thứ 61/90; Hóa học: thứ 77/90; Sinh học: thứ 59/90; Lịch sử: thứ 71/90; Địa lí: thứ 39/90; GDCD: thứ 87/90; Tin học: thứ 45/90
HS1136,7.95,Cao hơn 0.72 điểm so với trung bình lớp,Cao hơn trung bình khối 0.54 điểm,Toán: thứ 4/29; Văn: thứ 1/29; Anh: thứ 1/29; Vật lí: thứ 14/29; Hóa học: thứ 17/29; Sinh học: thứ 25/29; Lịch sử: thứ 8/29; Địa lí: thứ 6/29; GDCD: thứ 15/29; Tin học: thứ 4/29,Toán: thứ 19/90; Văn: thứ 1/90; Anh: thứ 5/90; Vật lí: thứ 41/90; Hóa học: thứ 55/90; Sinh học: thứ 78/90; Lịch sử: thứ 31/90; Địa lí: thứ 30/90; GDCD: thứ 58/90; Tin học: thứ 11/90
HS1137,7.42,Cao hơn 0.19 điểm so với trung bình lớp,Cao hơn trung bình khối 0.01 điểm,Toán: thứ 9/29; Văn: thứ 22/29; Anh: thứ 12/29; Vật lí: thứ 22/29; Hóa học: thứ 11/29; Sinh học: thứ 23/29; Lịch sử: thứ 14/29; Địa lí: thứ 5/29; GDCD: thứ 3/29; Tin học: thứ 6/29,Toán: thứ 30/90; Văn: thứ 71/90; Anh: thứ 47/90; Vật lí: thứ 64/90; Hóa học: thứ 38/90; Sinh học: thứ 69/90; Lịch sử: thứ 47/90; Địa lí: thứ 24/90; GDCD: thứ 23/90; Tin học: thứ 25/90
HS1138,7.75,Cao hơn 0.52 điểm so với trung bình lớp,Cao hơn trung bình khối 0.34 điểm,Toán: thứ 5/29; Văn: thứ 16/29; Anh: thứ 4/29; Vật lí: thứ 12/29; Hóa học: thứ 7/29; Sinh học: thứ 8/29; Lịch sử: thứ 5/29; Địa lí: thứ 7/29; GDCD: thứ 13/29; Tin học: thứ 23/29,Toán: thứ 21/90; Văn: thứ 60/90; Anh: thứ 11/90; Vật lí: thứ 36/90; Hóa học: thứ 19/90; Sinh học: thứ 25/90; Lịch sử: thứ 19/90; Địa lí: thứ 33/90; GDCD: thứ 51/90; Tin học: thứ 75/90
HS1139,7.56,Cao hơn 0.18 điểm so với trung bình lớp,Cao hơn trung bình khối 0.15 điểm,Toán: thứ 16/23; Văn: thứ 7/23; Anh: thứ 9/23; Vật lí: thứ 12/23; Hóa học: thứ 11/23; Sinh học: thứ 1/23; Lịch sử: thứ 7/23; Địa lí: thứ 5/23; GDCD: thứ 21/23; Tin học: thứ 7/23,Toán: thứ 74/90; Văn: thứ 23/90; Anh: thứ 36/90; Vật lí: thứ 57/90; Hóa học: thứ 51/90; Sinh học: thứ 4/90; Lịch sử: thứ 17/90; Địa lí: thứ 18/90; GDCD: thứ 78/90; Tin học: thứ 35/90
HS1140,7.49,Thấp hơn 0.26 điểm so với trung bình lớp,Cao hơn trung bình khối 0.08 điểm,Toán: thứ 10/19; Văn: thứ 9/19; Anh: thứ 15/19; Vật lí: thứ 7/19; Hóa học: thứ 7/19; Sinh học: thứ 8/19; Lịch sử: thứ 16/19; Địa lí: thứ 7/19; GDCD: thứ 15/19; Tin học: thứ 19/19,Toán: thứ 34/90; Văn: thứ 32/90; Anh: thứ 57/90; Vật lí: thứ 22/90; Hóa học: thứ 25/90; Sinh học: thứ 27/90; Lịch sử: thứ 67/90; Địa lí: thứ 14/90; GDCD: thứ 63/90; Tin học: thứ 81/90
HS1141,6.2,Thấp hơn 1.18 điểm so với trung bình lớp,Thấp hơn trung bình khối 1.21 điểm,Toán: thứ 20/23; Văn: thứ 21/23; Anh: thứ 15/23; Vật lí: thứ 11/23; Hóa học: thứ 19/23; Sinh học: thứ 20/23; Lịch sử: thứ 13/23; Địa lí: thứ 23/23; GDCD: thứ 15/23; Tin học: thứ 17/23,Toán: thứ 82/90; Văn: thứ 83/90; Anh: thứ 60/90; Vật lí: thứ 49/90; Hóa học: thứ 77/90; Sinh học: thứ 81/90; Lịch sử: thứ 55/90; Địa lí: thứ 90/90; GDCD: thứ 55/90; Tin học: thứ 68/90
HS1142,7.14,Thấp hơn 0.24 điểm so với trung bình lớp,Thấp hơn trung bình khối 0.27 điểm,Toán: thứ 9/23; Văn: thứ 16/23; Anh: thứ 2/23; Vật lí: thứ 20/23; Hóa học: thứ 14/23; Sinh học: thứ 15/23; Lịch sử: thứ 18/23; Địa lí: thứ 16/23; GDCD: thứ 17/23; Tin học: thứ 7/23,Toán: thứ 30/90; Văn: thứ 55/90; Anh: thứ 11/90; Vật lí: thứ 82/90; Hóa học: thứ 64/90; Sinh học: thứ 62/90; Lịch sử: thứ 64/90; Địa lí: thứ 54/90; GDCD: thứ 58/90; Tin học: thứ 35/90
HS1143,7.31,Cao hơn 0.08 điểm so với trung bình lớp,Thấp hơn trung bình khối 0.10 điểm,Toán: thứ 14/29; Văn: thứ 3/29; Anh: thứ 8/29; Vật lí: thứ 11/29; Hóa học: thứ 5/29; Sinh học: thứ 24/29; Lịch sử: thứ 23/29; Địa lí: thứ 15/29; GDCD: thứ 26/29; Tin học: thứ 11/29,Toán: thứ 43/90; Văn: thứ 12/90; Anh: thứ 25/90; Vật lí: thứ 34/90; Hóa học: thứ 15/90; Sinh học: thứ 75/90; Lịch sử: thứ 76/90; Địa lí: thứ 59/90; GDCD: thứ 80/90; Tin học: thứ 45/90
HS1144,7.24,Thấp hơn 0.51 điểm so với trung bình lớp,Thấp hơn trung bình khối 0.17 điểm,Toán: thứ 7/19; Văn: thứ 6/19; Anh: thứ 9/19; Vật lí: thứ 12/19; Hóa học: thứ 17/19; Sinh học: thứ 10/19; Lịch sử: thứ 17/19; Địa lí: thứ 15/19; GDCD: thứ 12/19; Tin học: thứ 17/19,Toán: thứ 21/90; Văn: thứ 16/90; Anh: thứ 25/90; Vật lí: thứ 57/90; Hóa học: thứ 71/90; Sinh học: thứ 41/90; Lịch sử: thứ 71/90; Địa lí: thứ 47/90; GDCD: thứ 52/90; Tin học: thứ 77/90
HS1145,5.86,Thấp hơn 1.37 điểm so với trung bình lớp,Thấp hơn trung bình khối 1.55 điểm,Toán: thứ 27/29; Văn: thứ 28/29; Anh: thứ 26/29; Vật lí: thứ 26/29; Hóa học: thứ 20/29; Sinh học: thứ 26/29; Lịch sử: thứ 27/29; Địa lí: thứ 28/29; GDCD: thứ 11/29; Tin học: thứ 29/29,Toán: thứ 85/90; Văn: thứ 83/90; Anh: thứ 81/90; Vật lí: thứ 86/90; Hóa học: thứ 64/90; Sinh học: thứ 82/90; Lịch sử: thứ 84/90; Địa lí: thứ 88/90; GDCD: thứ 45/90; Tin học: thứ 89/90
HS1146,6.81,Thấp hơn 0.58 điểm so với trung bình lớp,Thấp hơn trung bình khối 0.60 điểm,Toán: thứ 9/19; Văn: thứ 14/19; Anh: thứ 16/19; Vật lí: thứ 13/19; Hóa học: thứ 16/19; Sinh học: thứ 6/19; Lịch sử: thứ 12/19; Địa lí: thứ 17/19; GDCD: thứ 14/19; Tin học: thứ 14/19,Toán: thứ 51/90; Văn: thứ 75/90; Anh: thứ 71/90; Vật lí: thứ 54/90; Hóa học: thứ 69/90; Sinh học: thứ 30/90; Lịch sử: thứ 50/90; Địa lí: thứ 78/90; GDCD: thứ 63/90; Tin học: thứ 64/90
HS1147,7.24,Thấp hơn 0.15 điểm so với trung bình lớp,Thấp hơn trung bình khối 0.17 điểm,Toán: thứ 12/19; Văn: thứ 13/19; Anh: thứ 18/19; Vật lí: thứ 3/19; Hóa học: thứ 13/19; Sinh học: thứ 16/19; Lịch sử: thứ 4/19; Địa lí: thứ 12/19; GDCD: thứ 12/19; Tin học: thứ 3/19,Toán: thứ 58/90; Văn: thứ 71/90; Anh: thứ 86/90; Vật lí: thứ 14/90; Hóa học: thứ 45/90; Sinh học: thứ 75/90; Lịch sử: thứ 22/90; Địa lí: thứ 58/90; GDCD: thứ 44/90; Tin học: thứ 16/90
HS1148,8.8,Cao hơn 1.42 điểm so với trung bình lớp,Thuộc Top 10% khối 11,Toán: thứ 6/23; Văn: thứ 1/23; Anh: thứ 14/23; Vật lí: thứ 2/23; Hóa học: thứ 1/23; Sinh học: thứ 4/23; Lịch sử: thứ 5/23; Địa lí: thứ 12/23; GDCD: thứ 5/23; Tin học: thứ 1/23,Toán: thứ 12/90; Văn: thứ 1/90; Anh: thứ 57/90; Vật lí: thứ 11/90; Hóa học: thứ 5/90; Sinh học: thứ 14/90; Lịch sử: thứ 12/90; Địa lí: thứ 49/90; GDCD: thứ 8/90; Tin học: thứ 1/90
HS1149,7.0,Thấp hơn 0.39 điểm so với trung bình lớp,Thấp hơn trung bình khối 0.41 điểm,Toán: thứ 10/19; Văn: thứ 6/19; Anh: thứ 8/19; Vật lí: thứ 15/19; Hóa học: thứ 17/19; Sinh học: thứ 16/19; Lịch sử: thứ 11/19; Địa lí: thứ 14/19; GDCD: thứ 8/19; Tin học: thứ 11/19,Toán: thứ 54/90; Văn: thứ 27/90; Anh: thứ 42/90; Vật lí: thứ 57/90; Hóa học: thứ 77/90; Sinh học: thứ 75/90; Lịch sử: thứ 42/90; Địa lí: thứ 67/90; GDCD: thứ 36/90; Tin học: thứ 53/90
HS1150,6.84,Thấp hơn 0.39 điểm so với trung bình lớp,Thấp hơn trung bình khối 0.57 điểm,Toán: thứ 20/29; Văn: thứ 26/29; Anh: thứ 22/29; Vật lí: thứ 7/29; Hóa học: thứ 12/29; Sinh học: thứ 22/29; Lịch sử: thứ 28/29; Địa lí: thứ 15/29; GDCD: thứ 22/29; Tin học: thứ 14/29,Toán: thứ 60/90; Văn: thứ 77/90; Anh: thứ 68/90; Vật lí: thứ 22/90; Hóa học: thứ 41/90; Sinh học: thứ 68/90; Lịch sử: thứ 85/90; Địa lí: thứ 59/90; GDCD: thứ 73/90; Tin học: thứ 53/90
HS1151,9.13,Cao hơn 1.38 điểm so với trung bình lớp,Thuộc Top 10% khối 11,Toán: thứ 3/19; Văn: thứ 2/19; Anh: thứ 9/19; Vật lí: thứ 1/19; Hóa học: thứ 8/19; Sinh học: thứ 1/19; Lịch sử: thứ 2/19; Địa lí: thứ 3/19; GDCD: thứ 4/19; Tin học: thứ 1/19,Toán: thứ 9/90; Văn: thứ 9/90; Anh: thứ 25/90; Vật lí: thứ 1/90; Hóa học: thứ 31/90; Sinh học: thứ 2/90; Lịch sử: thứ 3/90; Địa lí: thứ 6/90; GDCD: thứ 10/90; Tin học: thứ 3/90
HS1152,8.28,Cao hơn 0.90 điểm so với trung bình lớp,Thuộc Top 25% khối 11,Toán: thứ 1/23; Văn: thứ 19/23; Anh: thứ 4/23; Vật lí: thứ 5/23; Hóa học: thứ 9/23; Sinh học: thứ 9/23; Lịch sử: thứ 5/23; Địa lí: thứ 5/23; GDCD: thứ 7/23; Tin học: thứ 6/23,Toán: thứ 1/90; Văn: thứ 77/90; Anh: thứ 19/90; Vật lí: thứ 16/90; Hóa học: thứ 38/90; Sinh học: thứ 44/90; Lịch sử: thứ 12/90; Địa lí: thứ 18/90; GDCD: thứ 12/90; Tin học: thứ 17/90
HS1153,8.24,Cao hơn 0.85 điểm so với trung bình lớp,Thuộc Top 25% khối 11,Toán: thứ 2/19; Văn: thứ 9/19; Anh: thứ 8/19; Vật lí: thứ 2/19; Hóa học: thứ 2/19; Sinh học: thứ 2/19; Lịch sử: thứ 14/19; Địa lí: thứ 4/19; GDCD: thứ 3/19; Tin học: thứ 5/19,Toán: thứ 15/90; Văn: thứ 39/90; Anh: thứ 42/90; Vật lí: thứ 8/90; Hóa học: thứ 8/90; Sinh học: thứ 7/90; Lịch sử: thứ 64/90; Địa lí: thứ 26/90; GDCD: thứ 17/90; Tin học: thứ 21/90
HS1154,7.69,Cao hơn 0.31 điểm so với trung bình lớp,Cao hơn trung bình khối 0.28 điểm,Toán: thứ 11/23; Văn: thứ 8/23; Anh: thứ 9/23; Vật lí: thứ 7/23; Hóa học: thứ 3/23; Sinh học: thứ 17/23; Lịch sử: thứ 1/23; Địa lí: thứ 17/23; GDCD: thứ 13/23; Tin học: thứ 9/23,Toán: thứ 38/90; Văn: thứ 27/90; Anh: thứ 36/90; Vật lí: thứ 32/90; Hóa học: thứ 15/90; Sinh học: thứ 65/90; Lịch sử: thứ 5/90; Địa lí: thứ 62/90; GDCD: thứ 45/90; Tin học: thứ 39/90
HS1155,6.85,Thấp hơn 0.38 điểm so với trung bình lớp,Thấp hơn trung bình khối 0.56 điểm,Toán: thứ 24/29; Văn: thứ 15/29; Anh: thứ 12/29; Vật lí: thứ 27/29; Hóa học: thứ 7/29; Sinh học: thứ 19/29; Lịch sử: thứ 17/29; Địa lí: thứ 21/29; GDCD: thứ 18/29; Tin học: thứ 10/29,Toán: thứ 71/90; Văn: thứ 55/90; Anh: thứ 47/90; Vật lí: thứ 87/90; Hóa học: thứ 19/90; Sinh học: thứ 56/90; Lịch sử: thứ 58/90; Địa lí: thứ 67/90; GDCD: thứ 67/90; Tin học: thứ 35/90
HS1156,6.32,Thấp hơn 1.06 điểm so với trung bình lớp,Thấp hơn trung bình khối 1.09 điểm,Toán: thứ 19/23; Văn: thứ 8/23; Anh: thứ 21/23; Vật lí: thứ 18/23; Hóa học: thứ 23/23; Sinh học: thứ 7/23; Lịch sử: thứ 14/23; Địa lí: thứ 20/23; GDCD: thứ 22/23; Tin học: thứ 15/23,Toán: thứ 81/90; Văn: thứ 27/90; Anh: thứ 81/90; Vật lí: thứ 80/90; Hóa học: thứ 90/90; Sinh học: thứ 27/90; Lịch sử: thứ 58/90; Địa lí: thứ 76/90; GDCD: thứ 87/90; Tin học: thứ 53/90
HS1157,6.75,Thấp hơn 0.64 điểm so với trung bình lớp,Thấp hơn trung bình khối 0.66 điểm,Toán: thứ 12/19; Văn: thứ 15/19; Anh: thứ 17/19; Vật lí: thứ 12/19; Hóa học: thứ 10/19; Sinh học: thứ 6/19; Lịch sử: thứ 18/19; Địa lí: thứ 13/19; GDCD: thứ 19/19; Tin học: thứ 16/19,Toán: thứ 58/90; Văn: thứ 77/90; Anh: thứ 74/90; Vật lí: thứ 49/90; Hóa học: thứ 31/90; Sinh học: thứ 30/90; Lịch sử: thứ 82/90; Địa lí: thứ 63/90; GDCD: thứ 83/90; Tin học: thứ 72/90
HS1158,6.52,Thấp hơn 0.71 điểm so với trung bình lớp,Thấp hơn trung bình khối 0.89 điểm,Toán: thứ 6/29; Văn: thứ 14/29; Anh: thứ 17/29; Vật lí: thứ 21/29; Hóa học: thứ 19/29; Sinh học: thứ 27/29; Lịch sử: thứ 26/29; Địa lí: thứ 27/29; GDCD: thứ 29/29; Tin học: thứ 17/29,Toán: thứ 27/90; Văn: thứ 51/90; Anh: thứ 57/90; Vật lí: thứ 61/90; Hóa học: thứ 60/90; Sinh học: thứ 83/90; Lịch sử: thứ 81/90; Địa lí: thứ 87/90; GDCD: thứ 90/90; Tin học: thứ 58/90
HS1159,7.18,Thấp hơn 0.05 điểm so với trung bình lớp,Thấp hơn trung bình khối 0.23 điểm,Toán: thứ 12/29; Văn: thứ 5/29; Anh: thứ 19/29; Vật lí: thứ 17/29; Hóa học: thứ 13/29; Sinh học: thứ 17/29; Lịch sử: thứ 8/29; Địa lí: thứ 18/29; GDCD: thứ 18/29; Tin học: thứ 20/29,Toán: thứ 41/90; Văn: thứ 25/90; Anh: thứ 63/90; Vật lí: thứ 51/90; Hóa học: thứ 45/90; Sinh học: thứ 51/90; Lịch sử: thứ 31/90; Địa lí: thứ 63/90; GDCD: thứ 67/90; Tin học: thứ 64/90
HS1160,6.6,Thấp hơn 0.79 điểm so với trung bình lớp,Thấp hơn trung bình khối 0.81 điểm,Toán: thứ 18/19; Văn: thứ 16/19; Anh: thứ 19/19; Vật lí: thứ 18/19; Hóa học: thứ 17/19; Sinh học: thứ 4/19; Lịch sử: thứ 8/19; Địa lí: thứ 10/19; GDCD: thứ 17/19; Tin học: thứ 14/19,Toán: thứ 72/90; Văn: thứ 81/90; Anh: thứ 89/90; Vật lí: thứ 74/90; Hóa học: thứ 77/90; Sinh học: thứ 13/90; Lịch sử: thứ 36/90; Địa lí: thứ 43/90; GDCD: thứ 78/90; Tin học: thứ 64/90
HS1161,7.96,Cao hơn 0.21 điểm so với trung bình lớp,Cao hơn trung bình khối 0.55 điểm,Toán: thứ 17/19; Văn: thứ 11/19; Anh: thứ 3/19; Vật lí: thứ 7/19; Hóa học: thứ 6/19; Sinh học: thứ 8/19; Lịch sử: thứ 10/19; Địa lí: thứ 9/19; GDCD: thứ 5/19; Tin học: thứ 7/19,Toán: thứ 74/90; Văn: thứ 39/90; Anh: thứ 5/90; Vật lí: thứ 22/90; Hóa học: thứ 23/90; Sinh học: thứ 27/90; Lịch sử: thứ 42/90; Địa lí: thứ 24/90; GDCD: thứ 23/90; Tin học: thứ 22/90
HS1162,8.88,Cao hơn 1.49 điểm so với trung bình lớp,Thuộc Top 10% khối 11,Toán: thứ 6/19; Văn: thứ 4/19; Anh: thứ 1/19; Vật lí: thứ 1/19; Hóa học: thứ 1/19; Sinh học: thứ 1/19; Lịch sử: thứ 8/19; Địa lí: thứ 1/19; GDCD: thứ 1/19; Tin học: thứ 7/19,Toán: thứ 34/90; Văn: thứ 12/90; Anh: thứ 4/90; Vật lí: thứ 3/90; Hóa học: thứ 6/90; Sinh học: thứ 1/90; Lịch sử: thứ 36/90; Địa lí: thứ 4/90; GDCD: thứ 4/90; Tin học: thứ 31/90
HS1163,7.5,Cao hơn 0.27 điểm so với trung bình lớp,Cao hơn trung bình khối 0.09 điểm,Toán: thứ 11/29; Văn: thứ 9/29; Anh: thứ 25/29; Vật lí: thứ 16/29; Hóa học: thứ 14/29; Sinh học: thứ 6/29; Lịch sử: thứ 3/29; Địa lí: thứ 12/29; GDCD: thứ 8/29; Tin học: thứ 17/29,Toán: thứ 38/90; Văn: thứ 36/90; Anh: thứ 79/90; Vật lí: thứ 44/90; Hóa học: thứ 47/90; Sinh học: thứ 18/90; Lịch sử: thứ 9/90; Địa lí: thứ 47/90; GDCD: thứ 38/90; Tin học: thứ 58/90
HS1164,7.68,Cao hơn 0.30 điểm so với trung bình lớp,Cao hơn trung bình khối 0.27 điểm,Toán: thứ 12/23; Văn: thứ 8/23; Anh: thứ 13/23; Vật lí: thứ 13/23; Hóa học: thứ 5/23; Sinh học: thứ 9/23; Lịch sử: thứ 9/23; Địa lí: thứ 9/23; GDCD: thứ 7/23; Tin học: thứ 13/23,Toán: thứ 45/90; Văn: thứ 27/90; Anh: thứ 53/90; Vật lí: thứ 61/90; Hóa học: thứ 25/90; Sinh học: thứ 44/90; Lịch sử: thứ 28/90; Địa lí: thứ 26/90; GDCD: thứ 12/90; Tin học: thứ 45/90
HS1165,7.22,Thấp hơn 0.53 điểm so với trung bình lớp,Thấp hơn trung bình khối 0.19 điểm,Toán: thứ 10/19; Văn: thứ 16/19; Anh: thứ 18/19; Vật lí: thứ 11/19; Hóa học: thứ 11/19; Sinh học: thứ 16/19; Lịch sử: thứ 13/19; Địa lí: thứ 17/19; GDCD: thứ 7/19; Tin học: thứ 7/19,Toán: thứ 34/90; Văn: thứ 55/90; Anh: thứ 75/90; Vật lí: thứ 45/90; Hóa học: thứ 47/90; Sinh học: thứ 67/90; Lịch sử: thứ 50/90; Địa lí: thứ 67/90; GDCD: thứ 32/90; Tin học: thứ 22/90
HS1166,8.55,Cao hơn 1.32 điểm so với trung bình lớp,Thuộc Top 10% khối 11,Toán: thứ 1/29; Văn: thứ 7/29; Anh: thứ 10/29; Vật lí: thứ 9/29; Hóa học: thứ 3/29; Sinh học: thứ 1/29; Lịch sử: thứ 12/29; Địa lí: thứ 4/29; GDCD: thứ 1/29; Tin học: thứ 2/29,Toán: thứ 1/90; Văn: thứ 32/90; Anh: thứ 36/90; Vật lí: thứ 27/90; Hóa học: thứ 8/90; Sinh học: thứ 4/90; Lịch sử: thứ 42/90; Địa lí: thứ 14/90; GDCD: thứ 14/90; Tin học: thứ 7/90
HS1167,7.41,Cao hơn 0.18 điểm so với trung bình lớp,Thấp hơn trung bình khối 0.00 điểm,Toán: thứ 22/29; Văn: thứ 10/29; Anh: thứ 18/29; Vật lí: thứ 3/29; Hóa học: thứ 22/29; Sinh học: thứ 14/29; Lịch sử: thứ 12/29; Địa lí: thứ 7/29; GDCD: thứ 17/29; Tin học: thứ 5/29,Toán: thứ 68/90; Văn: thứ 39/90; Anh: thứ 60/90; Vật lí: thứ 10/90; Hóa học: thứ 69/90; Sinh học: thứ 41/90; Lịch sử: thứ 42/90; Địa lí: thứ 33/90; GDCD: thứ 63/90; Tin học: thứ 22/90
HS1168,8.86,Cao hơn 1.11 điểm so với trung bình lớp,Thuộc Top 10% khối 11,Toán: thứ 5/19; Văn: thứ 1/19; Anh: thứ 9/19; Vật lí: thứ 3/19; Hóa học: thứ 3/19; Sinh học: thứ 5/19; Lịch sử: thứ 1/19; Địa lí: thứ 2/19; GDCD: thứ 3/19; Tin học: thứ 11/19,Toán: thứ 15/90; Văn: thứ 4/90; Anh: thứ 25/90; Vật lí: thứ 4/90; Hóa học: thứ 8/90; Sinh học: thứ 18/90; Lịch sử: thứ 2/90; Địa lí: thứ 4/90; GDCD: thứ 9/90; Tin học: thứ 35/90
HS1169,6.3,Thấp hơn 0.93 điểm so với trung bình lớp,Thấp hơn trung bình khối 1.11 điểm,Toán: thứ 29/29; Văn: thứ 18/29; Anh: thứ 29/29; Vật lí: thứ 22/29; Hóa học: thứ 28/29; Sinh học: thứ 10/29; Lịch sử: thứ 20/29; Địa lí: thứ 14/29; GDCD: thứ 25/29; Tin học: thứ 26/29,Toán: thứ 88/90; Văn: thứ 64/90; Anh: thứ 89/90; Vật lí: thứ 64/90; Hóa học: thứ 84/90; Sinh học: thứ 33/90; Lịch sử: thứ 71/90; Địa lí: thứ 54/90; GDCD: thứ 76/90; Tin học: thứ 81/90
HS1170,7.91,Cao hơn 0.68 điểm so với trung bình lớp,Cao hơn trung bình khối 0.50 điểm,Toán: thứ 3/29; Văn: thứ 22/29; Anh: thứ 4/29; Vật lí: thứ 5/29; Hóa học: thứ 15/29; Sinh học: thứ 12/29; Lịch sử: thứ 7/29; Địa lí: thứ 15/29; GDCD: thứ 1/29; Tin học: thứ 6/29,Toán: thứ 15/90; Văn: thứ 71/90; Anh: thứ 11/90; Vật lí: thứ 16/90; Hóa học: thứ 51/90; Sinh học: thứ 38/90; Lịch sử: thứ 28/90; Địa lí: thứ 59/90; GDCD: thứ 14/90; Tin học: thứ 25/90
HS1171,6.14,Thấp hơn 1.24 điểm so với trung bình lớp,Thấp hơn trung bình khối 1.27 điểm,Toán: thứ 20/23; Văn: thứ 17/23; Anh: thứ 23/23; Vật lí: thứ 17/23; Hóa học: thứ 18/23; Sinh học: thứ 21/23; Lịch sử: thứ 22/23; Địa lí: thứ 13/23; GDCD: thứ 15/23; Tin học: thứ 17/23,Toán: thứ 82/90; Văn: thứ 64/90; Anh: thứ 86/90; Vật lí: thứ 77/90; Hóa học: thứ 76/90; Sinh học: thứ 85/90; Lịch sử: thứ 86/90; Địa lí: thứ 51/90; GDCD: thứ 55/90; Tin học: thứ 68/90
HS1172,7.18,Thấp hơn 0.05 điểm so với trung bình lớp,Thấp hơn trung bình khối 0.23 điểm,Toán: thứ 16/29; Văn: thứ 12/29; Anh: thứ 24/29; Vật lí: thứ 25/29; Hóa học: thứ 4/29; Sinh học: thứ 4/29; Lịch sử: thứ 21/29; Địa lí: thứ 21/29; GDCD: thứ 3/29; Tin học: thứ 22/29,Toán: thứ 45/90; Văn: thứ 44/90; Anh: thứ 77/90; Vật lí: thứ 78/90; Hóa học: thứ 13/90; Sinh học: thứ 16/90; Lịch sử: thứ 74/90; Địa lí: thứ 67/90; GDCD: thứ 23/90; Tin học: thứ 72/90
HS1173,6.77,Thấp hơn 0.61 điểm so với trung bình lớp,Thấp hơn trung bình khối 0.64 điểm,Toán: thứ 18/23; Văn: thứ 15/23; Anh: thứ 15/23; Vật lí: thứ 20/23; Hóa học: thứ 13/23; Sinh học: thứ 18/23; Lịch sử: thứ 17/23; Địa lí: thứ 21/23; GDCD: thứ 10/23; Tin học: thứ 9/23,Toán: thứ 79/90; Văn: thứ 51/90; Anh: thứ 60/90; Vật lí: thứ 82/90; Hóa học: thứ 60/90; Sinh học: thứ 69/90; Lịch sử: thứ 62/90; Địa lí: thứ 78/90; GDCD: thứ 20/90; Tin học: thứ 39/90
HS1174,8.54,Cao hơn 0.79 điểm so với trung bình lớp,Thuộc Top 25% khối 11,Toán: thứ 1/19; Văn: thứ 3/19; Anh: thứ 2/19; Vật lí: thứ 5/19; Hóa học: thứ 4/19; Sinh học: thứ 5/19; Lịch sử: thứ 3/19; Địa lí: thứ 10/19; GDCD: thứ 11/19; Tin học: thứ 10/19,Toán: thứ 1/90; Văn: thứ 10/90; Anh: thứ 3/90; Vật lí: thứ 20/90; Hóa học: thứ 13/90; Sinh học: thứ 18/90; Lịch sử: thứ 14/90; Địa lí: thứ 30/90; GDCD: thứ 45/90; Tin học: thứ 31/90
HS1175,7.43,Cao hơn 0.20 điểm so với trung bình lớp,Cao hơn trung bình khối 0.02 điểm,Toán: thứ 14/29; Văn: thứ 19/29; Anh: thứ 9/29; Vật lí: thứ 1/29; Hóa học: thứ 21/29; Sinh học: thứ 17/29; Lịch sử: thứ 19/29; Địa lí: thứ 18/29; GDCD: thứ 21/29; Tin học: thứ 3/29,Toán: thứ 43/90; Văn: thứ 66/90; Anh: thứ 34/90; Vật lí: thứ 6/90; Hóa học: thứ 67/90; Sinh học: thứ 51/90; Lịch sử: thứ 67/90; Địa lí: thứ 63/90; GDCD: thứ 72/90; Tin học: thứ 8/90
HS1176,7.72,Cao hơn 0.49 điểm so với trung bình lớp,Cao hơn trung bình khối 0.31 điểm,Toán: thứ 10/29; Văn: thứ 19/29; Anh: thứ 19/29; Vật lí: thứ 4/29; Hóa học: thứ 9/29; Sinh học: thứ 9/29; Lịch sử: thứ 18/29; Địa lí: thứ 3/29; GDCD: thứ 7/29; Tin học: thứ 6/29,Toán: thứ 34/90; Văn: thứ 66/90; Anh: thứ 63/90; Vật lí: thứ 11/90; Hóa học: thứ 31/90; Sinh học: thứ 30/90; Lịch sử: thứ 62/90; Địa lí: thứ 13/90; GDCD: thứ 34/90; Tin học: thứ 25/90
HS1177,7.52,Thấp hơn 0.23 điểm so với trung bình lớp,Cao hơn trung bình khối 0.11 điểm,Toán: thứ 14/19; Văn: thứ 11/19; Anh: thứ 13/19; Vật lí: thứ 10/19; Hóa học: thứ 2/19; Sinh học: thứ 18/19; Lịch sử: thứ 12/19; Địa lí: thứ 18/19; GDCD: thứ 7/19; Tin học: thứ 5/19,Toán: thứ 54/90; Văn: thứ 39/90; Anh: thứ 45/90; Vật lí: thứ 39/90; Hóa học: thứ 4/90; Sinh học: thứ 80/90; Lịch sử: thứ 47/90; Địa lí: thứ 72/90; GDCD: thứ 32/90; Tin học: thứ 17/90
HS1178,8.41,Cao hơn 0.66 điểm so với trung bình lớp,Thuộc Top 25% khối 11,Toán: thứ 9/19; Văn: thứ 19/19; Anh: thứ 4/19; Vật lí: thứ 1/19; Hóa học: thứ 1/19; Sinh học: thứ 2/19; Lịch sử: thứ 6/19; Địa lí: thứ 4/19; GDCD: thứ 14/19; Tin học: thứ 14/19,Toán: thứ 30/90; Văn: thứ 60/90; Anh: thứ 7/90; Vật lí: thứ 1/90; Hóa học: thứ 1/90; Sinh học: thứ 3/90; Lịch sử: thứ 22/90; Địa lí: thứ 10/90; GDCD: thứ 55/90; Tin học: thứ 50/90
HS1179,6.45,Thấp hơn 1.30 điểm so với trung bình lớp,Thấp hơn trung bình khối 0.96 điểm,Toán: thứ 18/19; Văn: thứ 14/19; Anh: thứ 13/19; Vật lí: thứ 16/19; Hóa học: thứ 19/19; Sinh học: thứ 17/19; Lịch sử: thứ 19/19; Địa lí: thứ 16/19; GDCD: thứ 17/19; Tin học: thứ 12/19,Toán: thứ 79/90; Văn: thứ 49/90; Anh: thứ 45/90; Vật lí: thứ 70/90; Hóa học: thứ 85/90; Sinh học: thứ 74/90; Lịch sử: thứ 88/90; Địa lí: thứ 54/90; GDCD: thứ 83/90; Tin học: thứ 39/90
HS1180,7.8,Cao hơn 0.42 điểm so với trung bình lớp,Cao hơn trung bình khối 0.39 điểm,Toán: thứ 14/23; Văn: thứ 3/23; Anh: thứ 22/23; Vật lí: thứ 9/23; Hóa học: thứ 9/23; Sinh học: thứ 11/23; Lịch sử: thứ 4/23; Địa lí: thứ 10/23; GDCD: thứ 4/23; Tin học: thứ 5/23,Toán: thứ 65/90; Văn: thứ 7/90; Anh: thứ 85/90; Vật lí: thứ 45/90; Hóa học: thứ 38/90; Sinh học: thứ 51/90; Lịch sử: thứ 9/90; Địa lí: thứ 39/90; GDCD: thứ 6/90; Tin học: thứ 15/90
HS1181,6.99,Thấp hơn 0.24 điểm so với trung bình lớp,Thấp hơn trung bình khối 0.14 điểm,Toán: thứ 16/25; Văn: thứ 18/25; Anh: thứ 6/25; Vật lí: thứ 21/25; Hóa học: thứ 12/25; Sinh học: thứ 13/25; Lịch sử: thứ 20/25; Địa lí: thứ 8/25; GDCD: thứ 23/25; Tin học: thứ 16/25,Toán: thứ 65/120; Văn: thứ 73/120; Anh: thứ 31/120; Vật lí: thứ 95/120; Hóa học: thứ 45/120; Sinh học: thứ 53/120; Lịch sử: thứ 68/120; Địa lí: thứ 31/120; GDCD: thứ 105/120; Tin học: thứ 64/120
HS1182,6.97,Thấp hơn 0.19 điểm so với trung bình lớp,Thấp hơn trung bình khối 0.16 điểm,Toán: thứ 14/24; Văn: thứ 20/24; Anh: thứ 16/24; Vật lí: thứ 10/24; Hóa học: thứ 21/24; Sinh học: thứ 9/24; Lịch sử: thứ 16/24; Địa lí: thứ 12/24; GDCD: thứ 19/24; Tin học: thứ 2/24,Toán: thứ 59/120; Văn: thứ 93/120; Anh: thứ 74/120; Vật lí: thứ 44/120; Hóa học: thứ 89/120; Sinh học: thứ 68/120; Lịch sử: thứ 76/120; Địa lí: thứ 43/120; GDCD: thứ 95/120; Tin học: thứ 10/120
HS1183,5.83,Thấp hơn 1.33 điểm so với trung bình lớp,Thấp hơn trung bình khối 1.30 điểm,Toán: thứ 21/24; Văn: thứ 8/24; Anh: thứ 23/24; Vật lí: thứ 20/24; Hóa học: thứ 24/24; Sinh học: thứ 21/24; Lịch sử: thứ 22/24; Địa lí: thứ 21/24; GDCD: thứ 14/24; Tin học: thứ 23/24,Toán: thứ 105/120; Văn: thứ 39/120; Anh: thứ 117/120; Vật lí: thứ 95/120; Hóa học: thứ 111/120; Sinh học: thứ 104/120; Lịch sử: thứ 105/120; Địa lí: thứ 101/120; GDCD: thứ 81/120; Tin học: thứ 116/120
HS1184,6.74,Thấp hơn 0.49 điểm so với trung bình lớp,Thấp hơn trung bình khối 0.39 điểm,Toán: thứ 7/25; Văn: thứ 17/25; Anh: thứ 22/25; Vật lí: thứ 17/25; Hóa học: thứ 19/25; Sinh học: thứ 12/25; Lịch sử: thứ 23/25; Địa lí: thứ 17/25; GDCD: thứ 21/25; Tin học: thứ 8/25,Toán: thứ 38/120; Văn: thứ 63/120; Anh: thứ 104/120; Vật lí: thứ 74/120; Hóa học: thứ 95/120; Sinh học: thứ 50/120; Lịch sử: thứ 94/120; Địa lí: thứ 73/120; GDCD: thứ 99/120; Tin học: thứ 27/120
HS1185,7.02,Thấp hơn 0.14 điểm so với trung bình lớp,Thấp hơn trung bình khối 0.11 điểm,Toán: thứ 18/24; Văn: thứ 13/24; Anh: thứ 8/24; Vật lí: thứ 4/24; Hóa học: thứ 7/24; Sinh học: thứ 9/24; Lịch sử: thứ 21/24; Địa lí: thứ 14/24; GDCD: thứ 22/24; Tin học: thứ 13/24,Toán: thứ 72/120; Văn: thứ 67/120; Anh: thứ 45/120; Vật lí: thứ 20/120; Hóa học: thứ 29/120; Sinh học: thứ 68/120; Lịch sử: thứ 101/120; Địa lí: thứ 46/120; GDCD: thứ 100/120; Tin học: thứ 73/120
HS1186,8.78,Cao hơn 1.62 điểm so với trung bình lớp,Thuộc Top 10% khối 12,Toán: thứ 1/24; Văn: thứ 1/24; Anh: thứ 4/24; Vật lí: thứ 10/24; Hóa học: thứ 1/24; Sinh học: thứ 1/24; Lịch sử: thứ 2/24; Địa lí: thứ 3/24; GDCD: thứ 7/24; Tin học: thứ 8/24,Toán: thứ 1/120; Văn: thứ 2/120; Anh: thứ 16/120; Vật lí: thứ 44/120; Hóa học: thứ 2/120; Sinh học: thứ 1/120; Lịch sử: thứ 5/120; Địa lí: thứ 17/120; GDCD: thứ 58/120; Tin học: thứ 33/120
HS1187,7.09,Thấp hơn 0.19 điểm so với trung bình lớp,Thấp hơn trung bình khối 0.04 điểm,Toán: thứ 5/28; Văn: thứ 13/28; Anh: thứ 15/28; Vật lí: thứ 18/28; Hóa học: thứ 22/28; Sinh học: thứ 8/28; Lịch sử: thứ 22/28; Địa lí: thứ 23/28; GDCD: thứ 19/28; Tin học: thứ 7/28,Toán: thứ 17/120; Văn: thứ 49/120; Anh: thứ 48/120; Vật lí: thứ 70/120; Hóa học: thứ 105/120; Sinh học: thứ 26/120; Lịch sử: thứ 88/120; Địa lí: thứ 91/120; GDCD: thứ 51/120; Tin học: thứ 38/120
HS1188,8.28,Cao hơn 1.37 điểm so với trung bình lớp,Thuộc Top 25% khối 12,Toán: thứ 3/18; Văn: thứ 3/18; Anh: thứ 3/18; Vật lí: thứ 2/18; Hóa học: thứ 4/18; Sinh học: thứ 4/18; Lịch sử: thứ 6/18; Địa lí: thứ 2/18; GDCD: thứ 4/18; Tin học: thứ 1/18,Toán: thứ 7/120; Văn: thứ 32/120; Anh: thứ 24/120; Vật lí: thứ 11/120; Hóa học: thứ 53/120; Sinh học: thứ 26/120; Lịch sử: thứ 72/120; Địa lí: thứ 17/120; GDCD: thứ 29/120; Tin học: thứ 1/120
HS1189,8.98,Cao hơn 1.82 điểm so với trung bình lớp,Thuộc Top 10% khối 12,Toán: thứ 2/24; Văn: thứ 3/24; Anh: thứ 3/24; Vật lí: thứ 1/24; Hóa học: thứ 6/24; Sinh học: thứ 3/24; Lịch sử: thứ 1/24; Địa lí: thứ 1/24; GDCD: thứ 4/24; Tin học: thứ 7/24,Toán: thứ 5/120; Văn: thứ 9/120; Anh: thứ 10/120; Vật lí: thứ 5/120; Hóa học: thứ 22/120; Sinh học: thứ 8/120; Lịch sử: thứ 1/120; Địa lí: thứ 1/120; GDCD: thứ 31/120; Tin học: thứ 28/120
HS1190,5.76,Thấp hơn 1.15 điểm so với trung bình lớp,Thấp hơn trung bình khối 1.37 điểm,Toán: thứ 15/18; Văn: thứ 15/18; Anh: thứ 18/18; Vật lí: thứ 15/18; Hóa học: thứ 8/18; Sinh học: thứ 16/18; Lịch sử: thứ 15/18; Địa lí: thứ 17/18; GDCD: thứ 18/18; Tin học: thứ 8/18,Toán: thứ 105/120; Văn: thứ 100/120; Anh: thứ 115/120; Vật lí: thứ 100/120; Hóa học: thứ 70/120; Sinh học: thứ 104/120; Lịch sử: thứ 110/120; Địa lí: thứ 108/120; GDCD: thứ 118/120; Tin học: thứ 61/120
HS1191,8.05,Cao hơn 1.08 điểm so với trung bình lớp,Thuộc Top 25% khối 12,Toán: thứ 8/25; Văn: thứ 2/25; Anh: thứ 24/25; Vật lí: thứ 2/25; Hóa học: thứ 7/25; Sinh học: thứ 13/25; Lịch sử: thứ 1/25; Địa lí: thứ 5/25; GDCD: thứ 10/25; Tin học: thứ 3/25,Toán: thứ 34/120; Văn: thứ 6/120; Anh: thứ 109/120; Vật lí: thứ 13/120; Hóa học: thứ 44/120; Sinh học: thứ 50/120; Lịch sử: thứ 1/120; Địa lí: thứ 17/120; GDCD: thứ 35/120; Tin học: thứ 13/120
HS1192,6.56,Thấp hơn 0.41 điểm so với trung bình lớp,Thấp hơn trung bình khối 0.57 điểm,Toán: thứ 1/25; Văn: thứ 24/25; Anh: thứ 14/25; Vật lí: thứ 11/25; Hóa học: thứ 21/25; Sinh học: thứ 19/25; Lịch sử: thứ 4/25; Địa lí: thứ 19/25; GDCD: thứ 21/25; Tin học: thứ 20/25,Toán: thứ 9/120; Văn: thứ 118/120; Anh: thứ 74/120; Vật lí: thứ 65/120; Hóa học: thứ 95/120; Sinh học: thứ 92/120; Lịch sử: thứ 15/120; Địa lí: thứ 108/120; GDCD: thứ 103/120; Tin học: thứ 88/120
HS1193,6.31,Thấp hơn 0.60 điểm so với trung bình lớp,Thấp hơn trung bình khối 0.82 điểm,Toán: thứ 5/18; Văn: thứ 18/18; Anh: thứ 10/18; Vật lí: thứ 12/18; Hóa học: thứ 16/18; Sinh học: thứ 10/18; Lịch sử: thứ 13/18; Địa lí: thứ 12/18; GDCD: thứ 12/18; Tin học: thứ 17/18,Toán: thứ 43/120; Văn: thứ 115/120; Anh: thứ 54/120; Vật lí: thứ 74/120; Hóa học: thứ 102/120; Sinh học: thứ 66/120; Lịch sử: thứ 102/120; Địa lí: thứ 91/120; GDCD: thứ 87/120; Tin học: thứ 109/120
HS1194,5.53,Thấp hơn 1.44 điểm so với trung bình lớp,Thấp hơn trung bình khối 1.60 điểm,Toán: thứ 17/25; Văn: thứ 14/25; Anh: thứ 21/25; Vật lí: thứ 23/25; Hóa học: thứ 25/25; Sinh học: thứ 23/25; Lịch sử: thứ 22/25; Địa lí: thứ 22/25; GDCD: thứ 25/25; Tin học: thứ 19/25,Toán: thứ 90/120; Văn: thứ 87/120; Anh: thứ 103/120; Vật lí: thứ 112/120; Hóa học: thứ 117/120; Sinh học: thứ 113/120; Lịch sử: thứ 111/120; Địa lí: thứ 114/120; GDCD: thứ 116/120; Tin học: thứ 84/120
HS1195,6.69,Thấp hơn 0.28 điểm so với trung bình lớp,Thấp hơn trung bình khối 0.44 điểm,Toán: thứ 21/25; Văn: thứ 3/25; Anh: thứ 13/25; Vật lí: thứ 16/25; Hóa học: thứ 22/25; Sinh học: thứ 20/25; Lịch sử: thứ 15/25; Địa lí: thứ 12/25; GDCD: thứ 12/25; Tin học: thứ 15/25,Toán: thứ 97/120; Văn: thứ 18/120; Anh: thứ 70/120; Vật lí: thứ 86/120; Hóa học: thứ 99/120; Sinh học: thứ 95/120; Lịch sử: thứ 68/120; Địa lí: thứ 66/120; GDCD: thứ 41/120; Tin học: thứ 73/120
HS1196,8.81,Cao hơn 1.84 điểm so với trung bình lớp,Thuộc Top 10% khối 12,Toán: thứ 5/25; Văn: thứ 4/25; Anh: thứ 2/25; Vật lí: thứ 3/25; Hóa học: thứ 1/25; Sinh học: thứ 2/25; Lịch sử: thứ 2/25; Địa lí: thứ 1/25; GDCD: thứ 1/25; Tin học: thứ 10/25,Toán: thứ 17/120; Văn: thứ 22/120; Anh: thứ 5/120; Vật lí: thứ 20/120; Hóa học: thứ 4/120; Sinh học: thứ 8/120; Lịch sử: thứ 7/120; Địa lí: thứ 2/120; GDCD: thứ 4/120; Tin học: thứ 38/120
HS1197,7.72,Cao hơn 0.75 điểm so với trung bình lớp,Cao hơn trung bình khối 0.59 điểm,Toán: thứ 2/25; Văn: thứ 5/25; Anh: thứ 1/25; Vật lí: thứ 16/25; Hóa học: thứ 16/25; Sinh học: thứ 6/25; Lịch sử: thứ 11/25; Địa lí: thứ 8/25; GDCD: thứ 12/25; Tin học: thứ 7/25,Toán: thứ 13/120; Văn: thứ 28/120; Anh: thứ 2/120; Vật lí: thứ 86/120; Hóa học: thứ 78/120; Sinh học: thứ 19/120; Lịch sử: thứ 44/120; Địa lí: thứ 54/120; GDCD: thứ 41/120; Tin học: thứ 28/120
HS1198,7.48,Cao hơn 0.51 điểm so với trung bình lớp,Cao hơn trung bình khối 0.35 điểm,Toán: thứ 2/25; Văn: thứ 13/25; Anh: thứ 8/25; Vật lí: thứ 14/25; Hóa học: thứ 10/25; Sinh học: thứ 8/25; Lịch sử: thứ 6/25; Địa lí: thứ 7/25; GDCD: thứ 20/25; Tin học: thứ 5/25,Toán: thứ 13/120; Văn: thứ 84/120; Anh: thứ 45/120; Vật lí: thứ 78/120; Hóa học: thứ 61/120; Sinh học: thứ 26/120; Lịch sử: thứ 22/120; Địa lí: thứ 31/120; GDCD: thứ 92/120; Tin học: thứ 18/120
HS1199,7.3,Cao hơn 0.14 điểm so với trung bình lớp,Cao hơn trung bình khối 0.17 điểm,Toán: thứ 10/24; Văn: thứ 12/24; Anh: thứ 6/24; Vật lí: thứ 17/24; Hóa học: thứ 12/24; Sinh học: thứ 8/24; Lịch sử: thứ 9/24; Địa lí: thứ 3/24; GDCD: thứ 18/24; Tin học: thứ 11/24,Toán: thứ 48/120; Văn: thứ 58/120; Anh: thứ 24/120; Vật lí: thứ 81/120; Hóa học: thứ 45/120; Sinh học: thứ 66/120; Lịch sử: thứ 34/120; Địa lí: thứ 17/120; GDCD: thứ 92/120; Tin học: thứ 61/120
HS1200,5.9,Thấp hơn 1.38 điểm so với trung bình lớp,Thấp hơn trung bình khối 1.23 điểm,Toán: thứ 16/28; Văn: thứ 18/28; Anh: thứ 28/28; Vật lí: thứ 25/28; Hóa học: thứ 18/28; Sinh học: thứ 19/28; Lịch sử: thứ 26/28; Địa lí: thứ 28/28; GDCD: thứ 26/28; Tin học: thứ 24/28,Toán: thứ 72/120; Văn: thứ 67/120; Anh: thứ 112/120; Vật lí: thứ 106/120; Hóa học: thứ 78/120; Sinh học: thứ 75/120; Lịch sử: thứ 109/120; Địa lí: thứ 120/120; GDCD: thứ 115/120; Tin học: thứ 88/120
HS1201,7.06,Thấp hơn 0.22 điểm so với trung bình lớp,Thấp hơn trung bình khối 0.07 điểm,Toán: thứ 14/28; Văn: thứ 18/28; Anh: thứ 8/28; Vật lí: thứ 17/28; Hóa học: thứ 27/28; Sinh học: thứ 21/28; Lịch sử: thứ 9/28; Địa lí: thứ 11/28; GDCD: thứ 10/28; Tin học: thứ 22/28,Toán: thứ 43/120; Văn: thứ 67/120; Anh: thứ 21/120; Vật lí: thứ 67/120; Hóa học: thứ 116/120; Sinh học: thứ 83/120; Lịch sử: thứ 40/120; Địa lí: thứ 52/120; GDCD: thứ 24/120; Tin học: thứ 73/120
HS1202,7.21,Cao hơn 0.05 điểm so với trung bình lớp,Cao hơn trung bình khối 0.08 điểm,Toán: thứ 10/24; Văn: thứ 13/24; Anh: thứ 12/24; Vật lí: thứ 9/24; Hóa học: thứ 17/24; Sinh học: thứ 14/24; Lịch sử: thứ 8/24; Địa lí: thứ 7/24; GDCD: thứ 15/24; Tin học: thứ 13/24,Toán: thứ 48/120; Văn: thứ 67/120; Anh: thứ 64/120; Vật lí: thứ 38/120; Hóa học: thứ 59/120; Sinh học: thứ 77/120; Lịch sử: thứ 32/120; Địa lí: thứ 26/120; GDCD: thứ 84/120; Tin học: thứ 73/120
HS1203,7.29,Cao hơn 0.32 điểm so với trung bình lớp,Cao hơn trung bình khối 0.16 điểm,Toán: thứ 13/25; Văn: thứ 15/25; Anh: thứ 4/25; Vật lí: thứ 9/25; Hóa học: thứ 4/25; Sinh học: thứ 11/25; Lịch sử: thứ 17/25; Địa lí: thứ 14/25; GDCD: thứ 4/25; Tin học: thứ 11/25,Toán: thứ 70/120; Văn: thứ 90/120; Anh: thứ 24/120; Vật lí: thứ 55/120; Hóa học: thứ 29/120; Sinh học: thứ 42/120; Lịch sử: thứ 85/120; Địa lí: thứ 75/120; GDCD: thứ 21/120; Tin học: thứ 44/120
HS1204,6.64,Thấp hơn 0.59 điểm so với trung bình lớp,Thấp hơn trung bình khối 0.49 điểm,Toán: thứ 16/25; Văn: thứ 12/25; Anh: thứ 23/25; Vật lí: thứ 13/25; Hóa học: thứ 20/25; Sinh học: thứ 20/25; Lịch sử: thứ 22/25; Địa lí: thứ 7/25; GDCD: thứ 22/25; Tin học: thứ 15/25,Toán: thứ 65/120; Văn: thứ 43/120; Anh: thứ 112/120; Vật lí: thứ 55/120; Hóa học: thứ 99/120; Sinh học: thứ 87/120; Lịch sử: thứ 76/120; Địa lí: thứ 29/120; GDCD: thứ 103/120; Tin học: thứ 61/120
HS1205,6.86,Thấp hơn 0.37 điểm so với trung bình lớp,Thấp hơn trung bình khối 0.27 điểm,Toán: thứ 24/25; Văn: thứ 10/25; Anh: thứ 10/25; Vật lí: thứ 19/25; Hóa học: thứ 9/25; Sinh học: thứ 9/25; Lịch sử: thứ 16/25; Địa lí: thứ 21/25; GDCD: thứ 17/25; Tin học: thứ 18/25,Toán: thứ 113/120; Văn: thứ 34/120; Anh: thứ 44/120; Vật lí: thứ 78/120; Hóa học: thứ 37/120; Sinh học: thứ 42/120; Lịch sử: thứ 64/120; Địa lí: thứ 85/120; GDCD: thứ 81/120; Tin học: thứ 93/120
HS1206,8.38,Cao hơn 1.15 điểm so với trung bình lớp,Thuộc Top 25% khối 12,Toán: thứ 2/25; Văn: thứ 1/25; Anh: thứ 5/25; Vật lí: thứ 15/25; Hóa học: thứ 2/25; Sinh học: thứ 4/25; Lịch sử: thứ 13/25; Địa lí: thứ 3/25; GDCD: thứ 4/25; Tin học: thứ 4/25,Toán: thứ 12/120; Văn: thứ 6/120; Anh: thứ 27/120; Vật lí: thứ 61/120; Hóa học: thứ 10/120; Sinh học: thứ 15/120; Lịch sử: thứ 57/120; Địa lí: thứ 10/120; GDCD: thứ 16/120; Tin học: thứ 18/120
HS1207,7.76,Cao hơn 0.48 điểm so với trung bình lớp,Thuộc Top 25% khối 12,Toán: thứ 7/28; Văn: thứ 12/28; Anh: thứ 22/28; Vật lí: thứ 4/28; Hóa học: thứ 12/28; Sinh học: thứ 6/28; Lịch sử: thứ 14/28; Địa lí: thứ 5/28; GDCD: thứ 10/28; Tin học: thứ 16/28,Toán: thứ 22/120; Văn: thứ 41/120; Anh: thứ 88/120; Vật lí: thứ 13/120; Hóa học: thứ 42/120; Sinh học: thứ 19/120; Lịch sử: thứ 57/120; Địa lí: thứ 16/120; GDCD: thứ 24/120; Tin học: thứ 64/120
HS1208,8.93,Cao hơn 1.70 điểm so với trung bình lớp,Thuộc Top 10% khối 12,Toán: thứ 10/25; Văn: thứ 2/25; Anh: thứ 1/25; Vật lí: thứ 6/25; Hóa học: thứ 1/25; Sinh học: thứ 1/25; Lịch sử: thứ 4/25; Địa lí: thứ 2/25; GDCD: thứ 1/25; Tin học: thứ 1/25,Toán: thứ 43/120; Văn: thứ 9/120; Anh: thứ 3/120; Vật lí: thứ 20/120; Hóa học: thứ 9/120; Sinh học: thứ 2/120; Lịch sử: thứ 12/120; Địa lí: thứ 8/120; GDCD: thứ 5/120; Tin học: thứ 5/120
HS1209,7.92,Cao hơn 0.95 điểm so với trung bình lớp,Thuộc Top 25% khối 12,Toán: thứ 7/25; Văn: thứ 9/25; Anh: thứ 12/25; Vật lí: thứ 1/25; Hóa học: thứ 2/25; Sinh học: thứ 3/25; Lịch sử: thứ 14/25; Địa lí: thứ 12/25; GDCD: thứ 5/25; Tin học: thứ 8/25,Toán: thứ 30/120; Văn: thứ 55/120; Anh: thứ 64/120; Vật lí: thứ 8/120; Hóa học: thứ 11/120; Sinh học: thứ 12/120; Lịch sử: thứ 54/120; Địa lí: thứ 66/120; GDCD: thứ 24/120; Tin học: thứ 30/120
HS1210,8.12,Cao hơn 0.96 điểm so với trung bình lớp,Thuộc Top 25% khối 12,Toán: thứ 6/24; Văn: thứ 8/24; Anh: thứ 17/24; Vật lí: thứ 3/24; Hóa học: thứ 2/24; Sinh học: thứ 2/24; Lịch sử: thứ 3/24; Địa lí: thứ 9/24; GDCD: thứ 15/24; Tin học: thứ 5/24,Toán: thứ 22/120; Văn: thứ 39/120; Anh: thứ 78/120; Vật lí: thứ 11/120; Hóa học: thứ 3/120; Sinh học: thứ 5/120; Lịch sử: thứ 18/120; Địa lí: thứ 34/120; GDCD: thứ 84/120; Tin học: thứ 23/120
HS1211,8.17,Cao hơn 0.89 điểm so với trung bình lớp,Thuộc Top 25% khối 12,Toán: thứ 4/28; Văn: thứ 2/28; Anh: thứ 2/28; Vật lí: thứ 13/28; Hóa học: thứ 2/28; Sinh học: thứ 17/28; Lịch sử: thứ 9/28; Địa lí: thứ 23/28; GDCD: thứ 8/28; Tin học: thứ 5/28,Toán: thứ 9/120; Văn: thứ 4/120; Anh: thứ 10/120; Vật lí: thứ 44/120; Hóa học: thứ 4/120; Sinh học: thứ 68/120; Lịch sử: thứ 40/120; Địa lí: thứ 91/120; GDCD: thứ 18/120; Tin học: thứ 13/120
HS1212,6.25,Thấp hơn 0.98 điểm so với trung bình lớp,Thấp hơn trung bình khối 0.88 điểm,Toán: thứ 14/25; Văn: thứ 22/25; Anh: thứ 18/25; Vật lí: thứ 24/25; Hóa học: thứ 14/25; Sinh học: thứ 23/25; Lịch sử: thứ 24/25; Địa lí: thứ 16/25; GDCD: thứ 19/25; Tin học: thứ 18/25,Toán: thứ 59/120; Văn: thứ 104/120; Anh: thứ 98/120; Vật lí: thứ 106/120; Hóa học: thứ 50/120; Sinh học: thứ 111/120; Lịch sử: thứ 100/120; Địa lí: thứ 63/120; GDCD: thứ 89/120; Tin học: thứ 93/120
HS1213,8.51,Cao hơn 1.23 điểm so với trung bình lớp,Thuộc Top 10% khối 12,Toán: thứ 15/28; Văn: thứ 1/28; Anh: thứ 1/28; Vật lí: thứ 5/28; Hóa học: thứ 14/28; Sinh học: thứ 7/28; Lịch sử: thứ 2/28; Địa lí: thứ 2/28; GDCD: thứ 7/28; Tin học: thứ 7/28,Toán: thứ 53/120; Văn: thứ 1/120; Anh: thứ 1/120; Vật lí: thứ 16/120; Hóa học: thứ 53/120; Sinh học: thứ 24/120; Lịch sử: thứ 7/120; Địa lí: thứ 5/120; GDCD: thứ 17/120; Tin học: thứ 38/120
HS1214,8.69,Cao hơn 1.46 điểm so với trung bình lớp,Thuộc Top 10% khối 12,Toán: thứ 5/25; Văn: thứ 11/25; Anh: thứ 4/25; Vật lí: thứ 1/25; Hóa học: thứ 6/25; Sinh học: thứ 3/25; Lịch sử: thứ 1/25; Địa lí: thứ 5/25; GDCD: thứ 3/25; Tin học: thứ 7/25,Toán: thứ 30/120; Văn: thứ 41/120; Anh: thứ 21/120; Vật lí: thứ 1/120; Hóa học: thứ 25/120; Sinh học: thứ 8/120; Lịch sử: thứ 1/120; Địa lí: thứ 24/120; GDCD: thứ 8/120; Tin học: thứ 25/120
HS1215,7.33,Cao hơn 0.42 điểm so với trung bình lớp,Cao hơn trung bình khối 0.20 điểm,Toán: thứ 11/18; Văn: thứ 13/18; Anh: thứ 1/18; Vật lí: thứ 6/18; Hóa học: thứ 8/18; Sinh học: thứ 4/18; Lịch sử: thứ 3/18; Địa lí: thứ 14/18; GDCD: thứ 9/18; Tin học: thứ 3/18,Toán: thứ 84/120; Văn: thứ 84/120; Anh: thứ 3/120; Vật lí: thứ 38/120; Hóa học: thứ 70/120; Sinh học: thứ 26/120; Lịch sử: thứ 44/120; Địa lí: thứ 96/120; GDCD: thứ 68/120; Tin học: thứ 30/120
HS1216,4.95,Thấp hơn 2.28 điểm so với trung bình lớp,Thấp hơn trung bình khối 2.18 điểm,Toán: thứ 25/25; Văn: thứ 25/25; Anh: thứ 25/25; Vật lí: thứ 25/25; Hóa học: thứ 25/25; Sinh học: thứ 25/25; Lịch sử: thứ 25/25; Địa lí: thứ 22/25; GDCD: thứ 17/25; Tin học: thứ 25/25,Toán: thứ 120/120; Văn: thứ 116/120; Anh: thứ 120/120; Vật lí: thứ 119/120; Hóa học: thứ 120/120; Sinh học: thứ 116/120; Lịch sử: thứ 105/120; Địa lí: thứ 91/120; GDCD: thứ 81/120; Tin học: thứ 117/120
HS1217,7.63,Cao hơn 0.40 điểm so với trung bình lớp,Cao hơn trung bình khối 0.50 điểm,Toán: thứ 3/25; Văn: thứ 16/25; Anh: thứ 11/25; Vật lí: thứ 8/25; Hóa học: thứ 11/25; Sinh học: thứ 9/25; Lịch sử: thứ 12/25; Địa lí: thứ 11/25; GDCD: thứ 14/25; Tin học: thứ 4/25,Toán: thứ 22/120; Văn: thứ 55/120; Anh: thứ 48/120; Vật lí: thứ 30/120; Hóa học: thứ 42/120; Sinh học: thứ 42/120; Lịch sử: thứ 54/120; Địa lí: thứ 46/120; GDCD: thứ 66/120; Tin học: thứ 18/120
HS1218,8.23,Cao hơn 0.95 điểm so với trung bình lớp,Thuộc Top 25% khối 12,Toán: thứ 7/28; Văn: thứ 9/28; Anh: thứ 7/28; Vật lí: thứ 8/28; Hóa học: thứ 6/28; Sinh học: thứ 1/28; Lịch sử: thứ 4/28; Địa lí: thứ 1/28; GDCD: thứ 20/28; Tin học: thứ 12/28,Toán: thứ 22/120; Văn: thứ 24/120; Anh: thứ 19/120; Vật lí: thứ 33/120; Hóa học: thứ 20/120; Sinh học: thứ 3/120; Lịch sử: thứ 18/120; Địa lí: thứ 2/120; GDCD: thứ 58/120; Tin học: thứ 54/120
HS1219,7.75,Cao hơn 0.47 điểm so với trung bình lớp,Thuộc Top 25% khối 12,Toán: thứ 12/28; Văn: thứ 7/28; Anh: thứ 17/28; Vật lí: thứ 6/28; Hóa học: thứ 4/28; Sinh học: thứ 3/28; Lịch sử: thứ 12/28; Địa lí: thứ 18/28; GDCD: thứ 20/28; Tin học: thứ 13/28,Toán: thứ 38/120; Văn: thứ 18/120; Anh: thứ 60/120; Vật lí: thứ 17/120; Hóa học: thứ 15/120; Sinh học: thứ 12/120; Lịch sử: thứ 44/120; Địa lí: thứ 75/120; GDCD: thứ 58/120; Tin học: thứ 55/120
HS1220,5.73,Thấp hơn 1.24 điểm so với trung bình lớp,Thấp hơn trung bình khối 1.40 điểm,Toán: thứ 24/25; Văn: thứ 25/25; Anh: thứ 20/25; Vật lí: thứ 21/25; Hóa học: thứ 18/25; Sinh học: thứ 21/25; Lịch sử: thứ 20/25; Địa lí: thứ 25/25; GDCD: thứ 16/25; Tin học: thứ 16/25,Toán: thứ 110/120; Văn: thứ 120/120; Anh: thứ 95/120; Vật lí: thứ 106/120; Hóa học: thứ 89/120; Sinh học: thứ 104/120; Lịch sử: thứ 99/120; Địa lí: thứ 118/120; GDCD: thứ 68/120; Tin học: thứ 79/120
HS1221,7.44,Cao hơn 0.16 điểm so với trung bình lớp,Cao hơn trung bình khối 0.31 điểm,Toán: thứ 20/28; Văn: thứ 9/28; Anh: thứ 2/28; Vật lí: thứ 3/28; Hóa học: thứ 15/28; Sinh học: thứ 11/28; Lịch sử: thứ 18/28; Địa lí: thứ 10/28; GDCD: thứ 13/28; Tin học: thứ 28/28,Toán: thứ 88/120; Văn: thứ 24/120; Anh: thứ 10/120; Vật lí: thứ 7/120; Hóa học: thứ 66/120; Sinh học: thứ 42/120; Lịch sử: thứ 81/120; Địa lí: thứ 43/120; GDCD: thứ 40/120; Tin học: thứ 102/120
HS1222,5.73,Thấp hơn 1.24 điểm so với trung bình lớp,Thấp hơn trung bình khối 1.40 điểm,Toán: thứ 18/25; Văn: thứ 15/25; Anh: thứ 16/25; Vật lí: thứ 25/25; Hóa học: thứ 10/25; Sinh học: thứ 24/25; Lịch sử: thứ 24/25; Địa lí: thứ 23/25; GDCD: thứ 19/25; Tin học: thứ 22/25,Toán: thứ 91/120; Văn: thứ 90/120; Anh: thứ 78/120; Vật lí: thứ 117/120; Hóa học: thứ 61/120; Sinh học: thứ 114/120; Lịch sử: thứ 118/120; Địa lí: thứ 116/120; GDCD: thứ 89/120; Tin học: thứ 109/120
HS1223,7.41,Cao hơn 0.13 điểm so với trung bình lớp,Cao hơn trung bình khối 0.28 điểm,Toán: thứ 22/28; Văn: thứ 6/28; Anh: thứ 26/28; Vật lí: thứ 7/28; Hóa học: thứ 10/28; Sinh học: thứ 15/28; Lịch sử: thứ 16/28; Địa lí: thứ 15/28; GDCD: thứ 3/28; Tin học: thứ 16/28,Toán: thứ 91/120; Văn: thứ 17/120; Anh: thứ 95/120; Vật lí: thứ 24/120; Hóa học: thứ 33/120; Sinh học: thứ 53/120; Lịch sử: thứ 60/120; Địa lí: thứ 66/120; GDCD: thứ 9/120; Tin học: thứ 64/120
HS1224,7.78,Cao hơn 0.50 điểm so với trung bình lớp,Thuộc Top 25% khối 12,Toán: thứ 12/28; Văn: thứ 3/28; Anh: thứ 16/28; Vật lí: thứ 8/28; Hóa học: thứ 19/28; Sinh học: thứ 16/28; Lịch sử: thứ 5/28; Địa lí: thứ 7/28; GDCD: thứ 9/28; Tin học: thứ 6/28,Toán: thứ 38/120; Văn: thứ 6/120; Anh: thứ 54/120; Vật lí: thứ 33/120; Hóa học: thứ 83/120; Sinh học: thứ 60/120; Lịch sử: thứ 22/120; Địa lí: thứ 29/120; GDCD: thứ 21/120; Tin học: thứ 33/120
HS1225,6.18,Thấp hơn 1.10 điểm so với trung bình lớp,Thấp hơn trung bình khối 0.95 điểm,Toán: thứ 16/28; Văn: thứ 28/28; Anh: thứ 24/28; Vật lí: thứ 24/28; Hóa học: thứ 19/28; Sinh học: thứ 27/28; Lịch sử: thứ 22/28; Địa lí: thứ 13/28; GDCD: thứ 25/28; Tin học: thứ 16/28,Toán: thứ 72/120; Văn: thứ 116/120; Anh: thứ 93/120; Vật lí: thứ 97/120; Hóa học: thứ 83/120; Sinh học: thứ 109/120; Lịch sử: thứ 88/120; Địa lí: thứ 60/120; GDCD: thứ 100/120; Tin học: thứ 64/120
HS1226,6.59,Thấp hơn 0.64 điểm so với trung bình lớp,Thấp hơn trung bình khối 0.54 điểm,Toán: thứ 23/25; Văn: thứ 4/25; Anh: thứ 15/25; Vật lí: thứ 9/25; Hóa học: thứ 22/25; Sinh học: thứ 16/25; Lịch sử: thứ 21/25; Địa lí: thứ 18/25; GDCD: thứ 24/25; Tin học: thứ 21/25,Toán: thứ 112/120; Văn: thứ 15/120; Anh: thứ 84/120; Vật lí: thứ 33/120; Hóa học: thứ 103/120; Sinh học: thứ 60/120; Lịch sử: thứ 72/120; Địa lí: thứ 75/120; GDCD: thứ 108/120; Tin học: thứ 98/120
HS1227,7.84,Cao hơn 0.68 điểm so với trung bình lớp,Thuộc Top 25% khối 12,Toán: thứ 7/24; Văn: thứ 6/24; Anh: thứ 9/24; Vật lí: thứ 6/24; Hóa học: thứ 7/24; Sinh học: thứ 9/24; Lịch sử: thứ 3/24; Địa lí: thứ 9/24; GDCD: thứ 1/24; Tin học: thứ 13/24,Toán: thứ 27/120; Văn: thứ 34/120; Anh: thứ 54/120; Vật lí: thứ 24/120; Hóa học: thứ 29/120; Sinh học: thứ 68/120; Lịch sử: thứ 18/120; Địa lí: thứ 34/120; GDCD: thứ 9/120; Tin học: thứ 73/120
HS1228,7.27,Thấp hơn 0.01 điểm so với trung bình lớp,Cao hơn trung bình khối 0.14 điểm,Toán: thứ 19/28; Văn: thứ 13/28; Anh: thứ 17/28; Vật lí: thứ 23/28; Hóa học: thứ 2/28; Sinh học: thứ 14/28; Lịch sử: thứ 8/28; Địa lí: thứ 25/28; GDCD: thứ 14/28; Tin học: thứ 10/28,Toán: thứ 84/120; Văn: thứ 49/120; Anh: thứ 60/120; Vật lí: thứ 94/120; Hóa học: thứ 4/120; Sinh học: thứ 50/120; Lịch sử: thứ 31/120; Địa lí: thứ 104/120; GDCD: thứ 41/120; Tin học: thứ 42/120
HS1229,7.72,Cao hơn 0.75 điểm so với trung bình lớp,Cao hơn trung bình khối 0.59 điểm,Toán: thứ 11/25; Văn: thứ 11/25; Anh: thứ 9/25; Vật lí: thứ 8/25; Hóa học: thứ 9/25; Sinh học: thứ 3/25; Lịch sử: thứ 11/25; Địa lí: thứ 3/25; GDCD: thứ 5/25; Tin học: thứ 11/25,Toán: thứ 59/120; Văn: thứ 63/120; Anh: thứ 48/120; Vật lí: thứ 44/120; Hóa học: thứ 53/120; Sinh học: thứ 12/120; Lịch sử: thứ 44/120; Địa lí: thứ 11/120; GDCD: thứ 24/120; Tin học: thứ 44/120
HS1230,5.65,Thấp hơn 1.32 điểm so với trung bình lớp,Thấp hơn trung bình khối 1.48 điểm,Toán: thứ 22/25; Văn: thứ 17/25; Anh: thứ 14/25; Vật lí: thứ 21/25; Hóa học: thứ 23/25; Sinh học: thứ 21/25; Lịch sử: thứ 25/25; Địa lí: thứ 15/25; GDCD: thứ 22/25; Tin học: thứ 23/25,Toán: thứ 101/120; Văn: thứ 97/120; Anh: thứ 74/120; Vật lí: thứ 106/120; Hóa học: thứ 111/120; Sinh học: thứ 104/120; Lịch sử: thứ 119/120; Địa lí: thứ 85/120; GDCD: thứ 108/120; Tin học: thứ 111/120
HS1231,6.38,Thấp hơn 0.78 điểm so với trung bình lớp,Thấp hơn trung bình khối 0.75 điểm,Toán: thứ 21/24; Văn: thứ 23/24; Anh: thứ 21/24; Vật lí: thứ 21/24; Hóa học: thứ 22/24; Sinh học: thứ 6/24; Lịch sử: thứ 11/24; Địa lí: thứ 8/24; GDCD: thứ 17/24; Tin học: thứ 17/24,Toán: thứ 105/120; Văn: thứ 110/120; Anh: thứ 106/120; Vật lí: thứ 99/120; Hóa học: thứ 93/120; Sinh học: thứ 53/120; Lịch sử: thứ 44/120; Địa lí: thứ 31/120; GDCD: thứ 89/120; Tin học: thứ 88/120
HS1232,6.16,Thấp hơn 1.12 điểm so với trung bình lớp,Thấp hơn trung bình khối 0.97 điểm,Toán: thứ 27/28; Văn: thứ 17/28; Anh: thứ 20/28; Vật lí: thứ 27/28; Hóa học: thứ 21/28; Sinh học: thứ 21/28; Lịch sử: thứ 25/28; Địa lí: thứ 21/28; GDCD: thứ 20/28; Tin học: thứ 16/28,Toán: thứ 113/120; Văn: thứ 63/120; Anh: thứ 78/120; Vật lí: thứ 118/120; Hóa học: thứ 95/120; Sinh học: thứ 83/120; Lịch sử: thứ 102/120; Địa lí: thứ 85/120; GDCD: thứ 58/120; Tin học: thứ 64/120
HS1233,5.54,Thấp hơn 1.43 điểm so với trung bình lớp,Thấp hơn trung bình khối 1.59 điểm,Toán: thứ 25/25; Văn: thứ 20/25; Anh: thứ 18/25; Vật lí: thứ 24/25; Hóa học: thứ 19/25; Sinh học: thứ 18/25; Lịch sử: thứ 18/25; Địa lí: thứ 19/25; GDCD: thứ 23/25; Tin học: thứ 24/25,Toán: thứ 119/120; Văn: thứ 103/120; Anh: thứ 84/120; Vật lí: thứ 113/120; Hóa học: thứ 91/120; Sinh học: thứ 87/120; Lịch sử: thứ 88/120; Địa lí: thứ 108/120; GDCD: thứ 110/120; Tin học: thứ 118/120
HS1234,7.52,Cao hơn 0.36 điểm so với trung bình lớp,Cao hơn trung bình khối 0.39 điểm,Toán: thứ 4/24; Văn: thứ 6/24; Anh: thứ 4/24; Vật lí: thứ 6/24; Hóa học: thứ 12/24; Sinh học: thứ 19/24; Lịch sử: thứ 11/24; Địa lí: thứ 16/24; GDCD: thứ 23/24; Tin học: thứ 4/24,Toán: thứ 17/120; Văn: thứ 34/120; Anh: thứ 16/120; Vật lí: thứ 24/120; Hóa học: thứ 45/120; Sinh học: thứ 95/120; Lịch sử: thứ 44/120; Địa lí: thứ 54/120; GDCD: thứ 105/120; Tin học: thứ 18/120
HS1235,5.83,Thấp hơn 1.08 điểm so với trung bình lớp,Thấp hơn trung bình khối 1.30 điểm,Toán: thứ 17/18; Văn: thứ 16/18; Anh: thứ 11/18; Vật lí: thứ 13/18; Hóa học: thứ 6/18; Sinh học: thứ 15/18; Lịch sử: thứ 18/18; Địa lí: thứ 14/18; GDCD: thứ 16/18; Tin học: thứ 16/18,Toán: thứ 113/120; Văn: thứ 111/120; Anh: thứ 67/120; Vật lí: thứ 86/120; Hóa học: thứ 66/120; Sinh học: thứ 101/120; Lịch sử: thứ 117/120; Địa lí: thứ 96/120; GDCD: thứ 110/120; Tin học: thứ 108/120
HS1236,7.33,Cao hơn 0.36 điểm so với trung bình lớp,Cao hơn trung bình khối 0.20 điểm,Toán: thứ 2/25; Văn: thứ 12/25; Anh: thứ 19/25; Vật lí: thứ 20/25; Hóa học: thứ 6/25; Sinh học: thứ 15/25; Lịch sử: thứ 10/25; Địa lí: thứ 15/25; GDCD: thứ 3/25; Tin học: thứ 6/25,Toán: thứ 13/120; Văn: thứ 73/120; Anh: thứ 88/120; Vật lí: thứ 103/120; Hóa học: thứ 37/120; Sinh học: thứ 60/120; Lịch sử: thứ 40/120; Địa lí: thứ 85/120; GDCD: thứ 13/120; Tin học: thứ 25/120
HS1237,8.45,Cao hơn 1.17 điểm so với trung bình lớp,Thuộc Top 10% khối 12,Toán: thứ 3/28; Văn: thứ 4/28; Anh: thứ 11/28; Vật lí: thứ 11/28; Hóa học: thứ 13/28; Sinh học: thứ 10/28; Lịch sử: thứ 7/28; Địa lí: thứ 2/28; GDCD: thứ 3/28; Tin học: thứ 2/28,Toán: thứ 8/120; Văn: thứ 11/120; Anh: thứ 31/120; Vật lí: thứ 37/120; Hóa học: thứ 50/120; Sinh học: thứ 37/120; Lịch sử: thứ 28/120; Địa lí: thứ 5/120; GDCD: thứ 9/120; Tin học: thứ 4/120
HS1238,6.16,Thấp hơn 1.07 điểm so với trung bình lớp,Thấp hơn trung bình khối 0.97 điểm,Toán: thứ 7/25; Văn: thứ 23/25; Anh: thứ 18/25; Vật lí: thứ 10/25; Hóa học: thứ 24/25; Sinh học: thứ 22/25; Lịch sử: thứ 14/25; Địa lí: thứ 23/25; GDCD: thứ 25/25; Tin học: thứ 24/25,Toán: thứ 38/120; Văn: thứ 105/120; Anh: thứ 98/120; Vật lí: thứ 49/120; Hóa học: thứ 118/120; Sinh học: thứ 101/120; Lịch sử: thứ 60/120; Địa lí: thứ 96/120; GDCD: thứ 112/120; Tin học: thứ 111/120
HS1239,6.72,Thấp hơn 0.56 điểm so với trung bình lớp,Thấp hơn trung bình khối 0.41 điểm,Toán: thứ 25/28; Văn: thứ 27/28; Anh: thứ 8/28; Vật lí: thứ 21/28; Hóa học: thứ 15/28; Sinh học: thứ 13/28; Lịch sử: thứ 20/28; Địa lí: thứ 12/28; GDCD: thứ 20/28; Tin học: thứ 26/28,Toán: thứ 101/120; Văn: thứ 108/120; Anh: thứ 21/120; Vật lí: thứ 86/120; Hóa học: thứ 66/120; Sinh học: thứ 49/120; Lịch sử: thứ 85/120; Địa lí: thứ 54/120; GDCD: thứ 58/120; Tin học: thứ 93/120
HS1240,6.38,Thấp hơn 0.78 điểm so với trung bình lớp,Thấp hơn trung bình khối 0.75 điểm,Toán: thứ 23/24; Văn: thứ 18/24; Anh: thứ 7/24; Vật lí: thứ 23/24; Hóa học: thứ 20/24; Sinh học: thứ 7/24; Lịch sử: thứ 22/24; Địa lí: thứ 17/24; GDCD: thứ 11/24; Tin học: thứ 21/24,Toán: thứ 109/120; Văn: thứ 84/120; Anh: thứ 42/120; Vật lí: thứ 110/120; Hóa học: thứ 70/120; Sinh học: thứ 57/120; Lịch sử: thứ 105/120; Địa lí: thứ 63/120; GDCD: thứ 76/120; Tin học: thứ 111/120
HS1241,6.85,Thấp hơn 0.31 điểm so với trung bình lớp,Thấp hơn trung bình khối 0.28 điểm,Toán: thứ 18/24; Văn: thứ 4/24; Anh: thứ 9/24; Vật lí: thứ 15/24; Hóa học: thứ 15/24; Sinh học: thứ 9/24; Lịch sử: thứ 15/24; Địa lí: thứ 19/24; GDCD: thứ 21/24; Tin học: thứ 20/24,Toán: thứ 72/120; Văn: thứ 24/120; Anh: thứ 54/120; Vật lí: thứ 65/120; Hóa học: thứ 53/120; Sinh học: thứ 68/120; Lịch sử: thứ 72/120; Địa lí: thứ 75/120; GDCD: thứ 98/120; Tin học: thứ 105/120
HS1242,7.53,Cao hơn 0.30 điểm so với trung bình lớp,Cao hơn trung bình khối 0.40 điểm,Toán: thứ 20/25; Văn: thứ 3/25; Anh: thứ 2/25; Vật lí: thứ 12/25; Hóa học: thứ 15/25; Sinh học: thứ 14/25; Lịch sử: thứ 7/25; Địa lí: thứ 11/25; GDCD: thứ 9/25; Tin học: thứ 17/25,Toán: thứ 72/120; Văn: thứ 11/120; Anh: thứ 7/120; Vật lí: thứ 53/120; Hóa học: thứ 53/120; Sinh học: thứ 57/120; Lịch sử: thứ 28/120; Địa lí: thứ 46/120; GDCD: thứ 51/120; Tin học: thứ 79/120
HS1243,5.77,Thấp hơn 1.14 điểm so với trung bình lớp,Thấp hơn trung bình khối 1.36 điểm,Toán: thứ 16/18; Văn: thứ 17/18; Anh: thứ 17/18; Vật lí: thứ 10/18; Hóa học: thứ 10/18; Sinh học: thứ 14/18; Lịch sử: thứ 16/18; Địa lí: thứ 18/18; GDCD: thứ 15/18; Tin học: thứ 13/18,Toán: thứ 111/120; Văn: thứ 114/120; Anh: thứ 112/120; Vật lí: thứ 67/120; Hóa học: thứ 78/120; Sinh học: thứ 87/120; Lịch sử: thứ 114/120; Địa lí: thứ 114/120; GDCD: thứ 105/120; Tin học: thứ 88/120
HS1244,6.8,Thấp hơn 0.11 điểm so với trung bình lớp,Thấp hơn trung bình khối 0.33 điểm,Toán: thứ 14/18; Văn: thứ 6/18; Anh: thứ 15/18; Vật lí: thứ 13/18; Hóa học: thứ 10/18; Sinh học: thứ 9/18; Lịch sử: thứ 9/18; Địa lí: thứ 3/18; GDCD: thứ 2/18; Tin học: thứ 14/18,Toán: thứ 100/120; Văn: thứ 49/120; Anh: thứ 98/120; Vật lí: thứ 86/120; Hóa học: thứ 78/120; Sinh học: thứ 60/120; Lịch sử: thứ 88/120; Địa lí: thứ 26/120; GDCD: thứ 19/120; Tin học: thứ 101/120
HS1245,6.85,Thấp hơn 0.06 điểm so với trung bình lớp,Thấp hơn trung bình khối 0.28 điểm,Toán: thứ 13/18; Văn: thứ 14/18; Anh: thứ 7/18; Vật lí: thứ 11/18; Hóa học: thứ 12/18; Sinh học: thứ 12/18; Lịch sử: thứ 7/18; Địa lí: thứ 4/18; GDCD: thứ 10/18; Tin học: thứ 6/18,Toán: thứ 91/120; Văn: thứ 90/120; Anh: thứ 42/120; Vật lí: thứ 70/120; Hóa học: thứ 86/120; Sinh học: thứ 79/120; Lịch sử: thứ 76/120; Địa lí: thứ 34/120; GDCD: thứ 71/120; Tin học: thứ 44/120
HS1246,7.86,Cao hơn 0.95 điểm so với trung bình lớp,Thuộc Top 25% khối 12,Toán: thứ 1/18; Văn: thứ 1/18; Anh: thứ 6/18; Vật lí: thứ 1/18; Hóa học: thứ 3/18; Sinh học: thứ 13/18; Lịch sử: thứ 7/18; Địa lí: thứ 4/18; GDCD: thứ 7/18; Tin học: thứ 12/18,Toán: thứ 1/120; Văn: thứ 11/120; Anh: thứ 39/120; Vật lí: thứ 8/120; Hóa học: thứ 15/120; Sinh học: thứ 83/120; Lịch sử: thứ 76/120; Địa lí: thứ 34/120; GDCD: thứ 51/120; Tin học: thứ 84/120
HS1247,7.32,Cao hơn 0.35 điểm so với trung bình lớp,Cao hơn trung bình khối 0.19 điểm,Toán: thứ 10/25; Văn: thứ 10/25; Anh: thứ 9/25; Vật lí: thứ 15/25; Hóa học: thứ 8/25; Sinh học: thứ 15/25; Lịch sử: thứ 11/25; Địa lí: thứ 8/25; GDCD: thứ 12/25; Tin học: thứ 3/25,Toán: thứ 53/120; Văn: thứ 58/120; Anh: thứ 48/120; Vật lí: thứ 83/120; Hóa học: thứ 45/120; Sinh học: thứ 60/120; Lịch sử: thứ 44/120; Địa lí: thứ 54/120; GDCD: thứ 41/120; Tin học: thứ 13/120
HS1248,7.36,Cao hơn 0.13 điểm so với trung bình lớp,Cao hơn trung bình khối 0.23 điểm,Toán: thứ 12/25; Văn: thứ 9/25; Anh: thứ 13/25; Vật lí: thứ 5/25; Hóa học: thứ 16/25; Sinh học: thứ 14/25; Lịch sử: thứ 11/25; Địa lí: thứ 23/25; GDCD: thứ 5/25; Tin học: thứ 14/25,Toán: thứ 48/120; Văn: thứ 32/120; Anh: thứ 60/120; Vật lí: thứ 17/120; Hóa học: thứ 61/120; Sinh học: thứ 57/120; Lịch sử: thứ 44/120; Địa lí: thứ 96/120; GDCD: thứ 31/120; Tin học: thứ 55/120
HS1249,7.43,Cao hơn 0.27 điểm so với trung bình lớp,Cao hơn trung bình khối 0.30 điểm,Toán: thứ 8/24; Văn: thứ 13/24; Anh: thứ 13/24; Vật lí: thứ 16/24; Hóa học: thứ 3/24; Sinh học: thứ 5/24; Lịch sử: thứ 17/24; Địa lí: thứ 2/24; GDCD: thứ 8/24; Tin học: thứ 9/24,Toán: thứ 34/120; Văn: thứ 67/120; Anh: thứ 70/120; Vật lí: thứ 74/120; Hóa học: thứ 17/120; Sinh học: thứ 37/120; Lịch sử: thứ 80/120; Địa lí: thứ 8/120; GDCD: thứ 68/120; Tin học: thứ 44/120
HS1250,8.85,Cao hơn 1.62 điểm so với trung bình lớp,Thuộc Top 10% khối 12,Toán: thứ 1/25; Văn: thứ 4/25; Anh: thứ 8/25; Vật lí: thứ 7/25; Hóa học: thứ 4/25; Sinh học: thứ 2/25; Lịch sử: thứ 1/25; Địa lí: thứ 4/25; GDCD: thứ 2/25; Tin học: thứ 2/25,Toán: thứ 9/120; Văn: thứ 15/120; Anh: thứ 39/120; Vật lí: thứ 29/120; Hóa học: thứ 14/120; Sinh học: thứ 7/120; Lịch sử: thứ 1/120; Địa lí: thứ 13/120; GDCD: thứ 7/120; Tin học: thứ 6/120
HS1251,7.53,Cao hơn 0.56 điểm so với trung bình lớp,Cao hơn trung bình khối 0.40 điểm,Toán: thứ 14/25; Văn: thứ 6/25; Anh: thứ 6/25; Vật lí: thứ 5/25; Hóa học: thứ 5/25; Sinh học: thứ 1/25; Lịch sử: thứ 9/25; Địa lí: thứ 10/25; GDCD: thứ 15/25; Tin học: thứ 16/25,Toán: thứ 72/120; Văn: thứ 43/120; Anh: thứ 31/120; Vật lí: thứ 38/120; Hóa học: thứ 33/120; Sinh học: thứ 5/120; Lịch sử: thứ 37/120; Địa lí: thứ 60/120; GDCD: thứ 66/120; Tin học: thứ 79/120
HS1252,7.78,Cao hơn 0.50 điểm so với trung bình lớp,Thuộc Top 25% khối 12,Toán: thứ 11/28; Văn: thứ 23/28; Anh: thứ 14/28; Vật lí: thứ 14/28; Hóa học: thứ 7/28; Sinh học: thứ 4/28; Lịch sử: thứ 6/28; Địa lí: thứ 14/28; GDCD: thứ 5/28; Tin học: thứ 11/28,Toán: thứ 34/120; Văn: thứ 87/120; Anh: thứ 45/120; Vật lí: thứ 49/120; Hóa học: thứ 22/120; Sinh học: thứ 15/120; Lịch sử: thứ 26/120; Địa lí: thứ 63/120; GDCD: thứ 12/120; Tin học: thứ 49/120
HS1253,6.22,Thấp hơn 0.94 điểm so với trung bình lớp,Thấp hơn trung bình khối 0.91 điểm,Toán: thứ 17/24; Văn: thứ 17/24; Anh: thứ 19/24; Vật lí: thứ 22/24; Hóa học: thứ 10/24; Sinh học: thứ 22/24; Lịch sử: thứ 20/24; Địa lí: thứ 21/24; GDCD: thứ 19/24; Tin học: thứ 22/24,Toán: thứ 70/120; Văn: thứ 83/120; Anh: thứ 84/120; Vật lí: thứ 103/120; Hóa học: thứ 37/120; Sinh học: thứ 110/120; Lịch sử: thứ 88/120; Địa lí: thứ 101/120; GDCD: thứ 95/120; Tin học: thứ 115/120
HS1254,8.84,Cao hơn 1.56 điểm so với trung bình lớp,Thuộc Top 10% khối 12,Toán: thứ 9/28; Văn: thứ 4/28; Anh: thứ 10/28; Vật lí: thứ 1/28; Hóa học: thứ 1/28; Sinh học: thứ 5/28; Lịch sử: thứ 9/28; Địa lí: thứ 6/28; GDCD: thứ 1/28; Tin học: thứ 3/28,Toán: thứ 30/120; Văn: thứ 11/120; Anh: thứ 28/120; Vật lí: thứ 1/120; Hóa học: thứ 1/120; Sinh học: thứ 18/120; Lịch sử: thứ 40/120; Địa lí: thứ 17/120; GDCD: thứ 1/120; Tin học: thứ 6/120
HS1255,6.86,Thấp hơn 0.42 điểm so với trung bình lớp,Thấp hơn trung bình khối 0.27 điểm,Toán: thứ 9/28; Văn: thứ 24/28; Anh: thứ 11/28; Vật lí: thứ 16/28; Hóa học: thứ 24/28; Sinh học: thứ 24/28; Lịch sử: thứ 14/28; Địa lí: thứ 18/28; GDCD: thứ 14/28; Tin học: thứ 13/28,Toán: thứ 30/120; Văn: thứ 93/120; Anh: thứ 31/120; Vật lí: thứ 61/120; Hóa học: thứ 108/120; Sinh học: thứ 95/120; Lịch sử: thứ 57/120; Địa lí: thứ 75/120; GDCD: thứ 41/120; Tin học: thứ 55/120
HS1256,7.54,Cao hơn 0.38 điểm so với trung bình lớp,Cao hơn trung bình khối 0.41 điểm,Toán: thứ 14/24; Văn: thứ 10/24; Anh: thứ 13/24; Vật lí: thứ 6/24; Hóa học: thứ 16/24; Sinh học: thứ 17/24; Lịch sử: thứ 3/24; Địa lí: thứ 3/24; GDCD: thứ 2/24; Tin học: thứ 12/24,Toán: thứ 59/120; Văn: thứ 43/120; Anh: thứ 70/120; Vật lí: thứ 24/120; Hóa học: thứ 58/120; Sinh học: thứ 92/120; Lịch sử: thứ 18/120; Địa lí: thứ 17/120; GDCD: thứ 14/120; Tin học: thứ 71/120
HS1257,7.74,Cao hơn 0.83 điểm so với trung bình lớp,Cao hơn trung bình khối 0.61 điểm,Toán: thứ 4/18; Văn: thứ 4/18; Anh: thứ 5/18; Vật lí: thứ 5/18; Hóa học: thứ 1/18; Sinh học: thứ 3/18; Lịch sử: thứ 4/18; Địa lí: thứ 12/18; GDCD: thứ 6/18; Tin học: thứ 10/18,Toán: thứ 27/120; Văn: thứ 34/120; Anh: thứ 31/120; Vật lí: thứ 30/120; Hóa học: thứ 4/120; Sinh học: thứ 24/120; Lịch sử: thứ 52/120; Địa lí: thứ 91/120; GDCD: thứ 36/120; Tin học: thứ 73/120
HS1258,7.04,Cao hơn 0.13 điểm so với trung bình lớp,Thấp hơn trung bình khối 0.09 điểm,Toán: thứ 8/18; Văn: thứ 4/18; Anh: thứ 9/18; Vật lí: thứ 9/18; Hóa học: thứ 15/18; Sinh học: thứ 4/18; Lịch sử: thứ 11/18; Địa lí: thứ 8/18; GDCD: thứ 14/18; Tin học: thứ 2/18,Toán: thứ 72/120; Văn: thứ 34/120; Anh: thứ 53/120; Vật lí: thứ 55/120; Hóa học: thứ 95/120; Sinh học: thứ 26/120; Lịch sử: thứ 94/120; Địa lí: thứ 66/120; GDCD: thứ 100/120; Tin học: thứ 11/120
HS1259,6.01,Thấp hơn 0.96 điểm so với trung bình lớp,Thấp hơn trung bình khối 1.12 điểm,Toán: thứ 18/25; Văn: thứ 23/25; Anh: thứ 16/25; Vật lí: thứ 12/25; Hóa học: thứ 20/25; Sinh học: thứ 14/25; Lịch sử: thứ 16/25; Địa lí: thứ 18/25; GDCD: thứ 24/25; Tin học: thứ 25/25,Toán: thứ 91/120; Văn: thứ 113/120; Anh: thứ 78/120; Vật lí: thứ 67/120; Hóa học: thứ 94/120; Sinh học: thứ 53/120; Lịch sử: thứ 72/120; Địa lí: thứ 104/120; GDCD: thứ 112/120; Tin học: thứ 119/120
HS1260,7.59,Cao hơn 0.36 điểm so với trung bình lớp,Cao hơn trung bình khối 0.46 điểm,Toán: thứ 22/25; Văn: thứ 8/25; Anh: thứ 6/25; Vật lí: thứ 16/25; Hóa học: thứ 8/25; Sinh học: thứ 6/25; Lịch sử: thứ 6/25; Địa lí: thứ 9/25; GDCD: thứ 7/25; Tin học: thứ 9/25,Toán: thứ 95/120; Văn: thứ 28/120; Anh: thứ 31/120; Vật lí: thứ 70/120; Hóa học: thứ 29/120; Sinh học: thứ 34/120; Lịch sử: thứ 22/120; Địa lí: thứ 34/120; GDCD: thứ 41/120; Tin học: thứ 30/120
HS1261,5.75,Thấp hơn 1.41 điểm so với trung bình lớp,Thấp hơn trung bình khối 1.38 điểm,Toán: thứ 20/24; Văn: thứ 24/24; Anh: thứ 20/24; Vật lí: thứ 24/24; Hóa học: thứ 9/24; Sinh học: thứ 9/24; Lịch sử: thứ 24/24; Địa lí: thứ 23/24; GDCD: thứ 11/24; Tin học: thứ 24/24,Toán: thứ 101/120; Văn: thứ 119/120; Anh: thứ 95/120; Vật lí: thứ 116/120; Hóa học: thứ 33/120; Sinh học: thứ 68/120; Lịch sử: thứ 111/120; Địa lí: thứ 104/120; GDCD: thứ 76/120; Tin học: thứ 120/120
HS1262,6.88,Thấp hơn 0.35 điểm so với trung bình lớp,Thấp hơn trung bình khối 0.25 điểm,Toán: thứ 9/25; Văn: thứ 15/25; Anh: thứ 12/25; Vật lí: thứ 23/25; Hóa học: thứ 20/25; Sinh học: thứ 5/25; Lịch sử: thứ 14/25; Địa lí: thứ 25/25; GDCD: thứ 9/25; Tin học: thứ 11/25,Toán: thứ 42/120; Văn: thứ 49/120; Anh: thứ 54/120; Vật lí: thứ 103/120; Hóa học: thứ 99/120; Sinh học: thứ 26/120; Lịch sử: thứ 60/120; Địa lí: thứ 111/120; GDCD: thứ 51/120; Tin học: thứ 44/120
HS1263,8.28,Cao hơn 1.31 điểm so với trung bình lớp,Thuộc Top 25% khối 12,Toán: thứ 9/25; Văn: thứ 1/25; Anh: thứ 3/25; Vật lí: thứ 4/25; Hóa học: thứ 12/25; Sinh học: thứ 5/25; Lịch sử: thứ 5/25; Địa lí: thứ 4/25; GDCD: thứ 2/25; Tin học: thứ 13/25,Toán: thứ 48/120; Văn: thứ 4/120; Anh: thứ 7/120; Vật lí: thứ 30/120; Hóa học: thứ 70/120; Sinh học: thứ 15/120; Lịch sử: thứ 16/120; Địa lí: thứ 13/120; GDCD: thứ 5/120; Tin học: thứ 55/120
HS1264,7.13,Thấp hơn 0.03 điểm so với trung bình lớp,Cao hơn trung bình khối 0.00 điểm,Toán: thứ 10/24; Văn: thứ 11/24; Anh: thứ 1/24; Vật lí: thứ 14/24; Hóa học: thứ 17/24; Sinh học: thứ 15/24; Lịch sử: thứ 18/24; Địa lí: thứ 15/24; GDCD: thứ 9/24; Tin học: thứ 16/24,Toán: thứ 48/120; Văn: thứ 55/120; Anh: thứ 6/120; Vật lí: thứ 61/120; Hóa học: thứ 59/120; Sinh học: thứ 81/120; Lịch sử: thứ 81/120; Địa lí: thứ 52/120; GDCD: thứ 71/120; Tin học: thứ 84/120
HS1265,6.26,Thấp hơn 0.71 điểm so với trung bình lớp,Thấp hơn trung bình khối 0.87 điểm,Toán: thứ 23/25; Văn: thứ 8/25; Anh: thứ 23/25; Vật lí: thứ 19/25; Hóa học: thứ 23/25; Sinh học: thứ 8/25; Lịch sử: thứ 21/25; Địa lí: thứ 21/25; GDCD: thứ 11/25; Tin học: thứ 16/25,Toán: thứ 105/120; Văn: thứ 49/120; Anh: thứ 107/120; Vật lí: thứ 100/120; Hóa học: thứ 111/120; Sinh học: thứ 26/120; Lịch sử: thứ 105/120; Địa lí: thứ 111/120; GDCD: thứ 38/120; Tin học: thứ 79/120
HS1266,6.64,Thấp hơn 0.27 điểm so với trung bình lớp,Thấp hơn trung bình khối 0.49 điểm,Toán: thứ 8/18; Văn: thứ 7/18; Anh: thứ 13/18; Vật lí: thứ 15/18; Hóa học: thứ 14/18; Sinh học: thứ 16/18; Lịch sử: thứ 9/18; Địa lí: thứ 9/18; GDCD: thứ 5/18; Tin học: thứ 7/18,Toán: thứ 72/120; Văn: thứ 58/120; Anh: thứ 74/120; Vật lí: thứ 100/120; Hóa học: thứ 91/120; Sinh học: thứ 104/120; Lịch sử: thứ 88/120; Địa lí: thứ 73/120; GDCD: thứ 31/120; Tin học: thứ 49/120
HS1267,7.48,Cao hơn 0.20 điểm so với trung bình lớp,Cao hơn trung bình khối 0.35 điểm,Toán: thứ 6/28; Văn: thứ 21/28; Anh: thứ 2/28; Vật lí: thứ 8/28; Hóa học: thứ 8/28; Sinh học: thứ 24/28; Lịch sử: thứ 13/28; Địa lí: thứ 15/28; GDCD: thứ 12/28; Tin học: thứ 13/28,Toán: thứ 21/120; Văn: thứ 77/120; Anh: thứ 10/120; Vật lí: thứ 33/120; Hóa học: thứ 25/120; Sinh học: thứ 95/120; Lịch sử: thứ 54/120; Địa lí: thứ 66/120; GDCD: thứ 36/120; Tin học: thứ 55/120
HS1268,7.44,Cao hơn 0.21 điểm so với trung bình lớp,Cao hơn trung bình khối 0.31 điểm,Toán: thứ 13/25; Văn: thứ 12/25; Anh: thứ 8/25; Vật lí: thứ 10/25; Hóa học: thứ 6/25; Sinh học: thứ 18/25; Lịch sử: thứ 9/25; Địa lí: thứ 14/25; GDCD: thứ 7/25; Tin học: thứ 12/25,Toán: thứ 53/120; Văn: thứ 43/120; Anh: thứ 39/120; Vật lí: thứ 49/120; Hóa học: thứ 25/120; Sinh học: thứ 77/120; Lịch sử: thứ 34/120; Địa lí: thứ 54/120; GDCD: thứ 41/120; Tin học: thứ 49/120
HS1269,7.16,Cao hơn 0.19 điểm so với trung bình lớp,Cao hơn trung bình khối 0.03 điểm,Toán: thứ 15/25; Văn: thứ 22/25; Anh: thứ 6/25; Vật lí: thứ 10/25; Hóa học: thứ 2/25; Sinh học: thứ 11/25; Lịch sử: thứ 19/25; Địa lí: thứ 10/25; GDCD: thứ 9/25; Tin học: thứ 13/25,Toán: thứ 81/120; Văn: thứ 108/120; Anh: thứ 31/120; Vật lí: thứ 61/120; Hóa học: thứ 11/120; Sinh học: thứ 42/120; Lịch sử: thứ 96/120; Địa lí: thứ 60/120; GDCD: thứ 31/120; Tin học: thứ 55/120
HS1270,7.05,Thấp hơn 0.18 điểm so với trung bình lớp,Thấp hơn trung bình khối 0.08 điểm,Toán: thứ 14/25; Văn: thứ 12/25; Anh: thứ 16/25; Vật lí: thứ 19/25; Hóa học: thứ 17/25; Sinh học: thứ 19/25; Lịch sử: thứ 16/25; Địa lí: thứ 10/25; GDCD: thứ 15/25; Tin học: thứ 3/25,Toán: thứ 59/120; Văn: thứ 43/120; Anh: thứ 88/120; Vật lí: thứ 78/120; Hóa học: thứ 78/120; Sinh học: thứ 83/120; Lịch sử: thứ 64/120; Địa lí: thứ 40/120; GDCD: thứ 71/120; Tin học: thứ 13/120
HS1271,5.78,Thấp hơn 1.50 điểm so với trung bình lớp,Thấp hơn trung bình khối 1.35 điểm,Toán: thứ 20/28; Văn: thứ 26/28; Anh: thứ 27/28; Vật lí: thứ 12/28; Hóa học: thứ 28/28; Sinh học: thứ 24/28; Lịch sử: thứ 18/28; Địa lí: thứ 27/28; GDCD: thứ 28/28; Tin học: thứ 26/28,Toán: thứ 88/120; Văn: thứ 105/120; Anh: thứ 107/120; Vật lí: thứ 38/120; Hóa học: thứ 119/120; Sinh học: thứ 95/120; Lịch sử: thứ 81/120; Địa lí: thứ 119/120; GDCD: thứ 119/120; Tin học: thứ 93/120
HS1272,8.08,Cao hơn 1.17 điểm so với trung bình lớp,Thuộc Top 25% khối 12,Toán: thứ 6/18; Văn: thứ 9/18; Anh: thứ 2/18; Vật lí: thứ 3/18; Hóa học: thứ 2/18; Sinh học: thứ 8/18; Lịch sử: thứ 2/18; Địa lí: thứ 1/18; GDCD: thứ 3/18; Tin học: thứ 9/18,Toán: thứ 53/120; Văn: thứ 63/120; Anh: thứ 19/120; Vật lí: thứ 17/120; Hóa học: thứ 8/120; Sinh học: thứ 37/120; Lịch sử: thứ 12/120; Địa lí: thứ 11/120; GDCD: thứ 21/120; Tin học: thứ 64/120
HS1273,8.49,Cao hơn 1.26 điểm so với trung bình lớp,Thuộc Top 10% khối 12,Toán: thứ 10/25; Văn: thứ 6/25; Anh: thứ 3/25; Vật lí: thứ 1/25; Hóa học: thứ 3/25; Sinh học: thứ 7/25; Lịch sử: thứ 3/25; Địa lí: thứ 1/25; GDCD: thứ 6/25; Tin học: thứ 4/25,Toán: thứ 43/120; Văn: thứ 20/120; Anh: thứ 10/120; Vật lí: thứ 1/120; Hóa học: thứ 11/120; Sinh học: thứ 37/120; Lịch sử: thứ 10/120; Địa lí: thứ 5/120; GDCD: thứ 38/120; Tin học: thứ 18/120
HS1274,5.88,Thấp hơn 1.40 điểm so với trung bình lớp,Thấp hơn trung bình khối 1.25 điểm,Toán: thứ 25/28; Văn: thứ 25/28; Anh: thứ 19/28; Vật lí: thứ 26/28; Hóa học: thứ 22/28; Sinh học: thứ 23/28; Lịch sử: thứ 28/28; Địa lí: thứ 26/28; GDCD: thứ 24/28; Tin học: thứ 16/28,Toán: thứ 101/120; Văn: thứ 97/120; Anh: thứ 64/120; Vật lí: thứ 113/120; Hóa học: thứ 105/120; Sinh học: thứ 87/120; Lịch sử: thứ 120/120; Địa lí: thứ 113/120; GDCD: thứ 76/120; Tin học: thứ 64/120
HS1275,7.27,Cao hơn 0.04 điểm so với trung bình lớp,Cao hơn trung bình khối 0.14 điểm,Toán: thứ 16/25; Văn: thứ 6/25; Anh: thứ 18/25; Vật lí: thứ 4/25; Hóa học: thứ 9/25; Sinh học: thứ 8/25; Lịch sử: thứ 8/25; Địa lí: thứ 18/25; GDCD: thứ 15/25; Tin học: thứ 22/25,Toán: thứ 65/120; Văn: thứ 20/120; Anh: thứ 98/120; Vật lí: thứ 13/120; Hóa học: thứ 37/120; Sinh học: thứ 41/120; Lịch sử: thứ 32/120; Địa lí: thứ 75/120; GDCD: thứ 71/120; Tin học: thứ 102/120
HS1276,8.55,Cao hơn 1.39 điểm so với trung bình lớp,Thuộc Top 10% khối 12,Toán: thứ 4/24; Văn: thứ 1/24; Anh: thứ 2/24; Vật lí: thứ 2/24; Hóa học: thứ 3/24; Sinh học: thứ 4/24; Lịch sử: thứ 6/24; Địa lí: thứ 3/24; GDCD: thứ 5/24; Tin học: thứ 1/24,Toán: thứ 17/120; Văn: thứ 2/120; Anh: thứ 9/120; Vật lí: thứ 8/120; Hóa học: thứ 17/120; Sinh học: thứ 23/120; Lịch sử: thứ 22/120; Địa lí: thứ 17/120; GDCD: thứ 51/120; Tin học: thứ 3/120
HS1277,6.74,Thấp hơn 0.49 điểm so với trung bình lớp,Thấp hơn trung bình khối 0.39 điểm,Toán: thứ 21/25; Văn: thứ 19/25; Anh: thứ 16/25; Vật lí: thứ 14/25; Hóa học: thứ 23/25; Sinh học: thứ 9/25; Lịch sử: thứ 16/25; Địa lí: thứ 11/25; GDCD: thứ 20/25; Tin học: thứ 12/25,Toán: thứ 81/120; Văn: thứ 80/120; Anh: thứ 88/120; Vật lí: thứ 58/120; Hóa học: thứ 108/120; Sinh học: thứ 42/120; Lịch sử: thứ 64/120; Địa lí: thứ 46/120; GDCD: thứ 92/120; Tin học: thứ 49/120
HS1278,7.1,Thấp hơn 0.06 điểm so với trung bình lớp,Thấp hơn trung bình khối 0.03 điểm,Toán: thứ 13/24; Văn: thứ 20/24; Anh: thứ 13/24; Vật lí: thứ 12/24; Hóa học: thứ 5/24; Sinh học: thứ 23/24; Lịch sử: thứ 7/24; Địa lí: thứ 12/24; GDCD: thứ 5/24; Tin học: thứ 10/24,Toán: thứ 53/120; Văn: thứ 93/120; Anh: thứ 70/120; Vật lí: thứ 48/120; Hóa học: thứ 20/120; Sinh học: thứ 116/120; Lịch sử: thứ 28/120; Địa lí: thứ 43/120; GDCD: thứ 51/120; Tin học: thứ 49/120
HS1279,6.9,Thấp hơn 0.33 điểm so với trung bình lớp,Thấp hơn trung bình khối 0.23 điểm,Toán: thứ 6/25; Văn: thứ 21/25; Anh: thứ 24/25; Vật lí: thứ 22/25; Hóa học: thứ 18/25; Sinh học: thứ 16/25; Lịch sử: thứ 4/25; Địa lí: thứ 14/25; GDCD: thứ 12/25; Tin học: thứ 10/25,Toán: thứ 34/120; Văn: thứ 93/120; Anh: thứ 115/120; Vật lí: thứ 97/120; Hóa học: thứ 86/120; Sinh học: thứ 60/120; Lịch sử: thứ 12/120; Địa lí: thứ 54/120; GDCD: thứ 58/120; Tin học: thứ 42/120
HS1280,6.38,Thấp hơn 0.78 điểm so với trung bình lớp,Thấp hơn trung bình khối 0.75 điểm,Toán: thứ 24/24; Văn: thứ 19/24; Anh: thứ 24/24; Vật lí: thứ 19/24; Hóa học: thứ 14/24; Sinh học: thứ 20/24; Lịch sử: thứ 14/24; Địa lí: thứ 20/24; GDCD: thứ 9/24; Tin học: thứ 3/24,Toán: thứ 117/120; Văn: thứ 87/120; Anh: thứ 118/120; Vật lí: thứ 86/120; Hóa học: thứ 50/120; Sinh học: thứ 101/120; Lịch sử: thứ 68/120; Địa lí: thứ 85/120; GDCD: thứ 71/120; Tin học: thứ 13/120
HS1281,8.09,Cao hơn 0.81 điểm so với trung bình lớp,Thuộc Top 25% khối 12,Toán: thứ 18/28; Văn: thứ 11/28; Anh: thứ 6/28; Vật lí: thứ 19/28; Hóa học: thứ 5/28; Sinh học: thứ 8/28; Lịch sử: thứ 3/28; Địa lí: thứ 8/28; GDCD: thứ 1/28; Tin học: thứ 4/28,Toán: thứ 81/120; Văn: thứ 28/120; Anh: thứ 16/120; Vật lí: thứ 83/120; Hóa học: thứ 17/120; Sinh học: thứ 26/120; Lịch sử: thứ 16/120; Địa lí: thứ 34/120; GDCD: thứ 1/120; Tin học: thứ 11/120
HS1282,7.04,Cao hơn 0.07 điểm so với trung bình lớp,Thấp hơn trung bình khối 0.09 điểm,Toán: thứ 16/25; Văn: thứ 18/25; Anh: thứ 22/25; Vật lí: thứ 5/25; Hóa học: thứ 12/25; Sinh học: thứ 7/25; Lịch sử: thứ 8/25; Địa lí: thứ 17/25; GDCD: thứ 18/25; Tin học: thứ 1/25,Toán: thứ 84/120; Văn: thứ 100/120; Anh: thứ 104/120; Vật lí: thứ 38/120; Hóa học: thứ 70/120; Sinh học: thứ 21/120; Lịch sử: thứ 34/120; Địa lí: thứ 101/120; GDCD: thứ 87/120; Tin học: thứ 6/120
HS1283,9.05,Cao hơn 1.77 điểm so với trung bình lớp,Thuộc Top 10% khối 12,Toán: thứ 2/28; Văn: thứ 8/28; Anh: thứ 2/28; Vật lí: thứ 1/28; Hóa học: thứ 8/28; Sinh học: thứ 2/28; Lịch sử: thứ 1/28; Địa lí: thứ 4/28; GDCD: thứ 6/28; Tin học: thứ 1/28,Toán: thứ 5/120; Văn: thứ 22/120; Anh: thứ 10/120; Vật lí: thứ 1/120; Hóa học: thứ 25/120; Sinh học: thứ 8/120; Lịch sử: thứ 6/120; Địa lí: thứ 13/120; GDCD: thứ 14/120; Tin học: thứ 1/120
HS1284,7.81,Cao hơn 0.84 điểm so với trung bình lớp,Thuộc Top 25% khối 12,Toán: thứ 6/25; Văn: thứ 6/25; Anh: thứ 5/25; Vật lí: thứ 13/25; Hóa học: thứ 12/25; Sinh học: thứ 10/25; Lịch sử: thứ 2/25; Địa lí: thứ 6/25; GDCD: thứ 7/25; Tin học: thứ 9/25,Toán: thứ 22/120; Văn: thứ 43/120; Anh: thứ 28/120; Vật lí: thứ 70/120; Hóa học: thứ 70/120; Sinh học: thứ 34/120; Lịch sử: thứ 7/120; Địa lí: thứ 24/120; GDCD: thứ 28/120; Tin học: thứ 33/120
HS1285,6.65,Thấp hơn 0.58 điểm so với trung bình lớp,Thấp hơn trung bình khối 0.48 điểm,Toán: thứ 19/25; Văn: thứ 24/25; Anh: thứ 18/25; Vật lí: thứ 17/25; Hóa học: thứ 12/25; Sinh học: thứ 24/25; Lịch sử: thứ 10/25; Địa lí: thứ 6/25; GDCD: thứ 9/25; Tin học: thứ 23/25,Toán: thứ 68/120; Văn: thứ 111/120; Anh: thứ 98/120; Vật lí: thứ 74/120; Hóa học: thứ 45/120; Sinh học: thứ 112/120; Lịch sử: thứ 37/120; Địa lí: thứ 28/120; GDCD: thứ 51/120; Tin học: thứ 105/120
HS1286,5.49,Thấp hơn 1.42 điểm so với trung bình lớp,Thấp hơn trung bình khối 1.64 điểm,Toán: thứ 17/18; Văn: thứ 11/18; Anh: thứ 16/18; Vật lí: thứ 17/18; Hóa học: thứ 18/18; Sinh học: thứ 18/18; Lịch sử: thứ 17/18; Địa lí: thứ 10/18; GDCD: thứ 17/18; Tin học: thứ 11/18,Toán: thứ 113/120; Văn: thứ 73/120; Anh: thứ 109/120; Vật lí: thứ 110/120; Hóa học: thứ 108/120; Sinh học: thứ 120/120; Lịch sử: thứ 115/120; Địa lí: thứ 83/120; GDCD: thứ 112/120; Tin học: thứ 79/120
HS1287,5.6,Thấp hơn 1.68 điểm so với trung bình lớp,Thấp hơn trung bình khối 1.53 điểm,Toán: thứ 28/28; Văn: thứ 13/28; Anh: thứ 22/28; Vật lí: thứ 28/28; Hóa học: thứ 25/28; Sinh học: thứ 28/28; Lịch sử: thứ 24/28; Địa lí: thứ 18/28; GDCD: thứ 27/28; Tin học: thứ 23/28,Toán: thứ 118/120; Văn: thứ 49/120; Anh: thứ 88/120; Vật lí: thứ 120/120; Hóa học: thứ 111/120; Sinh học: thứ 114/120; Lịch sử: thứ 96/120; Địa lí: thứ 75/120; GDCD: thứ 117/120; Tin học: thứ 84/120
HS1288,6.28,Thấp hơn 0.63 điểm so với trung bình lớp,Thấp hơn trung bình khối 0.85 điểm,Toán: thứ 11/18; Văn: thứ 10/18; Anh: thứ 14/18; Vật lí: thứ 18/18; Hóa học: thứ 17/18; Sinh học: thứ 7/18; Lịch sử: thứ 13/18; Địa lí: thứ 14/18; GDCD: thứ 8/18; Tin học: thứ 18/18,Toán: thứ 84/120; Văn: thứ 67/120; Anh: thứ 78/120; Vật lí: thứ 115/120; Hóa học: thứ 107/120; Sinh học: thứ 34/120; Lịch sử: thứ 102/120; Địa lí: thứ 96/120; GDCD: thứ 58/120; Tin học: thứ 111/120
HS1289,6.27,Thấp hơn 1.01 điểm so với trung bình lớp,Thấp hơn trung bình khối 0.86 điểm,Toán: thứ 23/28; Văn: thứ 21/28; Anh: thứ 24/28; Vật lí: thứ 19/28; Hóa học: thứ 25/28; Sinh học: thứ 17/28; Lịch sử: thứ 27/28; Địa lí: thứ 21/28; GDCD: thứ 14/28; Tin học: thứ 21/28,Toán: thứ 97/120; Văn: thứ 77/120; Anh: thứ 93/120; Vật lí: thứ 83/120; Hóa học: thứ 111/120; Sinh học: thứ 68/120; Lịch sử: thứ 111/120; Địa lí: thứ 85/120; GDCD: thứ 41/120; Tin học: thứ 71/120
HS1290,8.35,Cao hơn 1.44 điểm so với trung bình lớp,Thuộc Top 25% khối 12,Toán: thứ 1/18; Văn: thứ 2/18; Anh: thứ 4/18; Vật lí: thứ 8/18; Hóa học: thứ 5/18; Sinh học: thứ 1/18; Lịch sử: thứ 1/18; Địa lí: thứ 6/18; GDCD: thứ 1/18; Tin học: thứ 4/18,Toán: thứ 1/120; Văn: thứ 28/120; Anh: thứ 28/120; Vật lí: thứ 53/120; Hóa học: thứ 61/120; Sinh học: thứ 3/120; Lịch sử: thứ 10/120; Địa lí: thứ 46/120; GDCD: thứ 1/120; Tin học: thứ 33/120
HS1291,6.91,Thấp hơn 0.25 điểm so với trung bình lớp,Thấp hơn trung bình khối 0.22 điểm,Toán: thứ 9/24; Văn: thứ 4/24; Anh: thứ 17/24; Vật lí: thứ 13/24; Hóa học: thứ 23/24; Sinh học: thứ 16/24; Lịch sử: thứ 10/24; Địa lí: thứ 11/24; GDCD: thứ 24/24; Tin học: thứ 5/24,Toán: thứ 47/120; Văn: thứ 24/120; Anh: thứ 78/120; Vật lí: thứ 58/120; Hóa học: thứ 104/120; Sinh học: thứ 87/120; Lịch sử: thứ 37/120; Địa lí: thứ 40/120; GDCD: thứ 119/120; Tin học: thứ 23/120
HS1292,6.89,Thấp hơn 0.27 điểm so với trung bình lớp,Thấp hơn trung bình khối 0.24 điểm,Toán: thứ 3/24; Văn: thứ 16/24; Anh: thứ 22/24; Vật lí: thứ 17/24; Hóa học: thứ 10/24; Sinh học: thứ 17/24; Lịch sử: thứ 18/24; Địa lí: thứ 18/24; GDCD: thứ 3/24; Tin học: thứ 18/24,Toán: thứ 13/120; Văn: thứ 77/120; Anh: thứ 109/120; Vật lí: thứ 81/120; Hóa học: thứ 37/120; Sinh học: thứ 92/120; Lịch sử: thứ 81/120; Địa lí: thứ 66/120; GDCD: thứ 19/120; Tin học: thứ 98/120
HS1293,5.68,Thấp hơn 1.29 điểm so với trung bình lớp,Thấp hơn trung bình khối 1.45 điểm,Toán: thứ 12/25; Văn: thứ 21/25; Anh: thứ 25/25; Vật lí: thứ 16/25; Hóa học: thứ 17/25; Sinh học: thứ 25/25; Lịch sử: thứ 23/25; Địa lí: thứ 23/25; GDCD: thứ 17/25; Tin học: thứ 21/25,Toán: thứ 68/120; Văn: thứ 105/120; Anh: thứ 118/120; Vật lí: thứ 86/120; Hóa học: thứ 83/120; Sinh học: thứ 119/120; Lịch sử: thứ 115/120; Địa lí: thứ 116/120; GDCD: thứ 76/120; Tin học: thứ 105/120
HS1294,6.97,Cao hơn 0.06 điểm so với trung bình lớp,Thấp hơn trung bình khối 0.16 điểm,Toán: thứ 8/18; Văn: thứ 12/18; Anh: thứ 8/18; Vật lí: thứ 4/18; Hóa học: thứ 12/18; Sinh học: thứ 2/18; Lịch sử: thứ 12/18; Địa lí: thứ 6/18; GDCD: thứ 11/18; Tin học: thứ 15/18,Toán: thứ 72/120; Văn: thứ 80/120; Anh: thứ 48/120; Vật lí: thứ 24/120; Hóa học: thứ 86/120; Sinh học: thứ 22/120; Lịch sử: thứ 96/120; Địa lí: thứ 46/120; GDCD: thứ 84/120; Tin học: thứ 102/120
HS1295,7.03,Cao hơn 0.12 điểm so với trung bình lớp,Thấp hơn trung bình khối 0.10 điểm,Toán: thứ 6/18; Văn: thứ 7/18; Anh: thứ 11/18; Vật lí: thứ 7/18; Hóa học: thứ 6/18; Sinh học: thứ 11/18; Lịch sử: thứ 4/18; Địa lí: thứ 10/18; GDCD: thứ 13/18; Tin học: thứ 4/18,Toán: thứ 53/120; Văn: thứ 58/120; Anh: thứ 67/120; Vật lí: thứ 49/120; Hóa học: thứ 66/120; Sinh học: thứ 75/120; Lịch sử: thứ 52/120; Địa lí: thứ 83/120; GDCD: thứ 95/120; Tin học: thứ 33/120
HS1296,7.25,Cao hơn 0.02 điểm so với trung bình lớp,Cao hơn trung bình khối 0.12 điểm,Toán: thứ 4/25; Văn: thứ 19/25; Anh: thứ 14/25; Vật lí: thứ 3/25; Hóa học: thứ 5/25; Sinh học: thứ 21/25; Lịch sử: thứ 16/25; Địa lí: thứ 18/25; GDCD: thứ 12/25; Tin học: thứ 18/25,Toán: thứ 29/120; Văn: thứ 80/120; Anh: thứ 69/120; Vật lí: thứ 6/120; Hóa học: thứ 22/120; Sinh học: thứ 100/120; Lịch sử: thứ 64/120; Địa lí: thứ 75/120; GDCD: thứ 58/120; Tin học: thứ 93/120
HS1297,6.65,Thấp hơn 0.51 điểm so với trung bình lớp,Thấp hơn trung bình khối 0.48 điểm,Toán: thứ 14/24; Văn: thứ 22/24; Anh: thứ 9/24; Vật lí: thứ 4/24; Hóa học: thứ 19/24; Sinh học: thứ 23/24; Lịch sử: thứ 13/24; Địa lí: thứ 24/24; GDCD: thứ 11/24; Tin học: thứ 18/24,Toán: thứ 59/120; Văn: thứ 97/120; Anh: thứ 54/120; Vật lí: thứ 20/120; Hóa học: thứ 61/120; Sinh học: thứ 116/120; Lịch sử: thứ 60/120; Địa lí: thứ 107/120; GDCD: thứ 76/120; Tin học: thứ 98/120
HS1298,7.66,Cao hơn 0.38 điểm so với trung bình lớp,Cao hơn trung bình khối 0.53 điểm,Toán: thứ 1/28; Văn: thứ 20/28; Anh: thứ 11/28; Vật lí: thứ 15/28; Hóa học: thứ 10/28; Sinh học: thứ 11/28; Lịch sử: thứ 17/28; Địa lí: thứ 9/28; GDCD: thứ 14/28; Tin học: thứ 7/28,Toán: thứ 4/120; Văn: thứ 73/120; Anh: thứ 31/120; Vật lí: thứ 58/120; Hóa học: thứ 33/120; Sinh học: thứ 42/120; Lịch sử: thứ 68/120; Địa lí: thứ 42/120; GDCD: thứ 41/120; Tin học: thứ 38/120
HS1299,6.6,Thấp hơn 0.68 điểm so với trung bình lớp,Thấp hơn trung bình khối 0.53 điểm,Toán: thứ 23/28; Văn: thứ 16/28; Anh: thứ 21/28; Vật lí: thứ 21/28; Hóa học: thứ 17/28; Sinh học: thứ 20/28; Lịch sử: thứ 20/28; Địa lí: thứ 15/28; GDCD: thứ 14/28; Tin học: thứ 24/28,Toán: thứ 97/120; Văn: thứ 58/120; Anh: thứ 84/120; Vật lí: thứ 86/120; Hóa học: thứ 70/120; Sinh học: thứ 81/120; Lịch sử: thứ 85/120; Địa lí: thứ 66/120; GDCD: thứ 41/120; Tin học: thứ 88/120
HS1300,7.46,Cao hơn 0.49 điểm so với trung bình lớp,Cao hơn trung bình khối 0.33 điểm,Toán: thứ 20/25; Văn: thứ 18/25; Anh: thứ 11/25; Vật lí: thứ 5/25; Hóa học: thứ 12/25; Sinh học: thứ 17/25; Lịch sử: thứ 7/25; Địa lí: thứ 1/25; GDCD: thứ 8/25; Tin học: thứ 1/25,Toán: thứ 95/120; Văn: thứ 100/120; Anh: thứ 60/120; Vật lí: thứ 38/120; Hóa học: thứ 70/120; Sinh học: thứ 79/120; Lịch sử: thứ 26/120; Địa lí: thứ 2/120; GDCD: thứ 29/120; Tin học: thứ 6/120
